Workbook

Sheet Unjuk Kerja
A1: Unjuk Kerja Unit Proses dan Unit Operasi
A2: No | B2: Unit Proses / Unit Operasi | C2: Parameter Unjuk Kerja | D2: Nilai | E2: Keterangan | F2: Referensi
A3: 1 | B3: Reaktor Klorinasi Langsung (R-01) | C3: Rasio mol umpan C₂H₄/Cl₂ | D3: 1.004 | E3: Jumlah etilena zona 1 (99.5 %-mol) dan zona 2 (0.9 %-mol) terhadap Cl₂ murni | F3: U.S. Patent No. 4,072,728 (1978), Contoh 1
A4: 2 | B4: Reaktor Klorinasi Langsung (R-01) | C4: Kehilangan Cl₂ | D4: < 0.01 % | E4: Fraksi Cl₂ umpan yang tidak bereaksi, dipakai 0.01 % (batas atas) | F4: U.S. Patent No. 4,072,728 (1978), Contoh 1
A5: 3 | B5: Reaktor Klorinasi Langsung (R-01) | C5: Kadar 1,1,2-trikloroetana dalam EDC | D5: 300 ppm | E5: Basis berat, menentukan laju reaksi pembentukan TCE | F5: U.S. Patent No. 4,072,728 (1978), Contoh 1
A6: 4 | B6: Reaktor Klorinasi Langsung (R-01) | C6: Kadar FeCl₃ terlarut dalam EDC | D6: 200 ppm | E6: Paten tidak menyebut basisnya, dihitung sebagai fraksi berat untuk make-up FeCl₃ | F6: U.S. Patent No. 4,072,728 (1978), Contoh 1
A7: 5 | B7: Kondensor Vent R-01 | C7: EDC terbawa gas vent | D7: 1.08 kg/t EDC | E7: Per ton EDC yang dihasilkan proses seimbang (R-01 + R-02), sebelum alat pengendali emisi. Gas inert, etilena sisa, Cl₂ sisa, dan HCl keluar sebagai vent | F7: U.S. EPA (1984) EPA-450/4-84-007d, Tabel 2 (Vent B)
A8: 6 | B8: Reaktor Oksiklorinasi (R-02) | C8: Rasio mol umpan C₂H₄ : O₂ : HCl | D8: 1.0 : 0.8 : 2.0 | E8: Oksigen dipasok sebagai udara | F8: U.S. Patent No. 4,740,642 (1988)
A9: 7 | B9: Reaktor Oksiklorinasi (R-02) | C9: Konversi C₂H₄ | D9: 99.5 % | E9: Fraksi etilena umpan yang bereaksi | F9: U.S. Patent No. 4,740,642 (1988), Contoh I no. 6
A10: 8 | B10: Reaktor Oksiklorinasi (R-02) | C10: Efisiensi C₂H₄ menjadi EDC | D10: 98.2 % | E10: Mol EDC terbentuk per mol etilena umpan | F10: U.S. Patent No. 4,740,642 (1988), Contoh I no. 6
A11: 9 | B11: Reaktor Oksiklorinasi (R-02) | C11: Konversi HCl | D11: 98.6 % | E11: Nilai terkoreksi | F11: U.S. Patent No. 4,740,642 (1988), Contoh I no. 6
A12: 10 | B12: Reaktor Oksiklorinasi (R-02) | C12: Produk samping | D12: C₂H₅Cl dan CO₂ | E12: Etil klorida termasuk produk samping paling banyak dan etilena juga teroksidasi menjadi COₓ. Jumlahnya dihitung dari selisih konversi, efisiensi, dan konversi HCl paten | F12: Montebelli dkk. (2015); BREF LVOC (2017) Bab 11
A13: 11 | B13: Udara Umpan R-02 | C13: Fraksi mol O₂ dalam udara | D13: 0.21 | E13: Fraksi mol N₂ 0.79 | F13: Smith dkk. (2018) Tabel B.1
A14: 12 | B14: Kondensor dan Dekanter | C14: EDC terbawa gas vent | D14: 2.40 kg/t EDC | E14: Proses udara dengan kondensor berpendingin, per ton EDC yang dihasilkan R-01 + R-02. O₂, N₂, CO₂, etilena, dan etana keluar sebagai vent | F14: U.S. EPA (1984) EPA-450/4-84-007d, Tabel 2 (Vent A)
... A37: 35 | B37: Kolom VCM (KD-104) | C37: Beban kondensor | D37: 2.98 MW | E37: Dipakai untuk menurunkan rasio refluks | F37: Dimian & Bildea (2008) Tabel 7.8

Sheet MASTER
A3: Neraca Massa
A4: NM Unit xx (xx)
A5: Tujuan:
A6: Unjuk Kerja
A9: Basis Perhitungan
A10: Substance | B10: Inlet | J10: Outlet
B11: Aliran 1 | F11: Aliran 2 | J11: Aliran 3 | N11: Aliran 4
B12: ẋᵢ | C12: ṁᵢ (kg/h) | D12: ẏᵢ | E12: ṅᵢ (kmol/h) | F12: ẋᵢ | G12: ṁᵢ (kg/h) | H12: ẏᵢ | I12: ṅᵢ (kmol/h) | J12: ẋᵢ | K12: ṁᵢ (kg/h) | L12: ẏᵢ | M12: ṅᵢ (kmol/h) | N12: ẋᵢ | O12: ṁᵢ (kg/h) | P12: ẏᵢ | Q12: ṅᵢ (kmol/h)
A13: A (x)
A14: B (x)
A15: C (x)
A16: Sub Total | B16: =SUM(B13:B15) -> 0 | C16: =SUM(C13:C15) -> 0 | D16: =SUM(D13:D15) -> 0 | E16: =SUM(E13:E15) -> 0 | F16: =SUM(F13:F15) -> 0 | G16: =SUM(G13:G15) -> 0 | H16: =SUM(H13:H15) -> 0 | I16: =SUM(I13:I15) -> 0 | ... Q16: =SUM(Q13:Q15) -> 0
A17: TOTAL MASSA | B17: =SUMPRODUCT(B13:B15,C13:C15) + SUMPRODUCT(F13:F15,G13:G15) -> 0 | J17: =SUMPRODUCT(J13:J15,K13:K15) + SUMPRODUCT(N13:N15,O13:O15) -> 0
A19: Neraca Energi
A20: Reference State:
A21: Substance | B21: Inlet | F21: Outlet
B22: Aliran 1 | D22: Aliran 2 | F22: Aliran 3 | H22: Aliran 4
B23: ṅᵢ (kmol/h) | C23: Ḣᵢ,ᵢₙ (kJ/kmol) | D23: ṅᵢ (kmol/h) | E23: Ḣᵢ,ᵢₙ (kJ/kmol) | F23: ṅᵢ (kmol/h) | G23: Ḣᵢ,ₒᵤₜ (kJ/kmol) | H23: ṅᵢ (kmol/h) | I23: Ḣᵢ,ₒᵤₜ (kJ/kmol)
A24: A (x)
A25: B (x)
A26: C (x)
A27: Sub Total | B27: =SUMPRODUCT(B24:B26,C24:C26) -> 0 | D27: =SUMPRODUCT(D24:D26,E24:E26) -> 0 | F27: =SUMPRODUCT(F24:F26,G24:G26) -> 0 | H27: =SUMPRODUCT(H24:H26,I24:I26) -> 0
A28: Heat of mixing/heat of reaction
A29: Q or W
A30: TOTAL

Sheet T-101
A1: Spesifikasi klorin umpan wt%
A2: CₙHₘ | B2: =4/1000000 -> 4e-06
A3: Water | B3: =12/1000000 -> 1.2e-05
A4: CₓHᵧCl | B4: =8/1000000 -> 8e-06
A5: Bromine | B5: =90/1000000 -> 9e-05
A6: Nitrogen trichloride | B6: =5/1000000 -> 5e-06
A7: Hydrogen | B7: =30/1000000 -> 3e-05
A8: Oxygen | B8: =180/1000000 -> 0.00018
A9: Nitrogen | B9: =600/1000000 -> 0.0006
A10: Carbon dioxide | B10: =600/1000000 -> 0.0006
A11: Fraksi berat Cl₂ = 1 − Σ pengotor | B11: =1-SUM(B2:B10) -> 0.998471

Sheet T-102
A1: Basis | B1: 1 | C1: m^3
A2: Component | B2: Unit | C2: Value (m^3) | D2: T | E2: P | F2: Mw | G2: ω | H2: Tc (K) | I2: Pc (bar) | J2: Tr | K2: Pr | L2: σ | M2: ε | N2: Ω | O2: Ψ | P2: Zc | Q2: αPR(Tr; ω)* | R2: β | S2: q​ | T2: Z | U2: Zres | V2: ρ | W2: mass (kg) | X2: %wt
A3: Ethylene Purity | B3: Volume% | C3: =1-SUM(C4:C6) -> 0.999485 | D3: 303.15 | E3: 36.3 | F3: 28.054 | G3: 0.087 | H3: 282.3 | I3: 50.4 | J3: =D3/H3 -> 1.0738576 | K3: =E3/I3 -> 0.7202381 | L3: =1+SQRT(2) -> 2.4142136 | M3: =1-SQRT(2) -> -0.41421356 | N3: 0.0778 | O3: 0.45724 | P3: 0.3074 | Q3: =(1+(0.37464+1.54226*G3-0.26992*G3^2)*(1-SQRT(J3)))^2 -> 0.96357549 | R3: =N3*K3/J3 -> 0.052180591 | S3: =O3*Q3/(N3*J3) -> 5.2735573 | T3: 0.75191292 | U3: =T3-(R3+(T3+M3*R3)*(T3+L3*R3)*((1+R3-T3)/(S3*R3))) -> 0.00015497478 | V3: =E3*100*F3/(T3*8.314*D3) -> 53.736116 | W3: =V3*C3 -> 53.708442 | X3: =W3/$W$7 -> 0.99975105
A4: Methane | B4: Volume% | C4: =500/1000000*1 -> 0.0005 | D4: 303.15 | E4: 36.3 | F4: 16.043 | G4: 0.012 | H4: 190.6 | I4: 45.99 | J4: =D4/H4 -> 1.5905037 | K4: =E4/I4 -> 0.78930202 | L4: =1+SQRT(2) -> 2.4142136 | M4: =1-SQRT(2) -> -0.41421356 | N4: 0.0778 | O4: 0.45724 | P4: 0.3074 | Q4: =(1+(0.37464+1.54226*G4-0.26992*G4^2)*(1-SQRT(J4)))^2 -> 0.80521746 | R4: =N4*K4/J4 -> 0.038608963 | S4: =O4*Q4/(N4*J4) -> 2.9753847 | T4: 0.92902928 | U4: =T4-(R4+(T4+M4*R4)*(T4+L4*R4)*((1+R4-T4)/(S4*R4))) -> 0.00011328207 | V4: =E4*100*F4/(T4*8.314*D4) -> 24.871113 | W4: =V4*C4 -> 0.012435556 | X4: =W4/$W$7 -> 0.00023148056
A5: Ethane | B5: Volume% | C5: =10/1000000 -> 1e-05 | D5: 303.15 | E5: 36.3 | F5: 30.07 | G5: 0.1 | H5: 305.3 | I5: 48.72 | J5: =D5/H5 -> 0.99295775 | K5: =E5/I5 -> 0.74507389 | L5: =1+SQRT(2) -> 2.4142136 | M5: =1-SQRT(2) -> -0.41421356 | N5: 0.0778 | O5: 0.45724 | P5: 0.3074 | Q5: =(1+(0.37464+1.54226*G5-0.26992*G5^2)*(1-SQRT(J5)))^2 -> 1.0037154 | R5: =N5*K5/J5 -> 0.05837786 | S5: =O5*Q5/(N5*J5) -> 5.9407932 | T5: 0.63818214 | U5: =T5-(R5+(T5+M5*R5)*(T5+L5*R5)*((1+R5-T5)/(S5*R5))) -> 0.00019954088 | V5: =E5*100*F5/(T5*8.314*D5) -> 67.862181 | W5: =V5*C5 -> 0.00067862181 | X5: =W5/$W$7 -> 1.2632146e-05
A6: Acetylene | B6: Volume% | C6: =5/1000000 -> 5e-06 | D6: 303.15 | E6: 36.3 | F6: 26.038 | G6: 0.187 | H6: 308.3 | I6: 61.39 | J6: =D6/H6 -> 0.98329549 | K6: =E6/I6 -> 0.59130151 | L6: =1+SQRT(2) -> 2.4142136 | M6: =1-SQRT(2) -> -0.41421356 | N6: 0.0778 | O6: 0.45724 | P6: 0.3074 | Q6: =(1+(0.37464+1.54226*G6-0.26992*G6^2)*(1-SQRT(J6)))^2 -> 1.0109942 | R6: =N6*K6/J6 -> 0.046784775 | S6: =O6*Q6/(N6*J6) -> 6.0426748 | T6: 0.72141147 | U6: =T6-(R6+(T6+M6*R6)*(T6+L6*R6)*((1+R6-T6)/(S6*R6))) -> 0.00047310194 | V6: =E6*100*F6/(T6*8.314*D6) -> 51.983272 | W6: =V6*C6 -> 0.00025991636 | X6: =W6/$W$7 -> 4.8381901e-06
A7: Total Mass | W7: =SUM(W3:W6) -> 53.721816 | X7: =SUM(X3:X6) -> 1

Sheet Data Komponen
A1: Data Berat Molekul Komponen
A2: No | B2: Komponen | C2: Kode | D2: BM (kg/kmol)
A3: 1 | B3: Ethylene Purity | C3: C2H4 | D3: 28.054
A4: 2 | B4: Methane | C4: CH4 | D4: 16.043
A5: 3 | B5: Ethane | C5: C2H6 | D5: 30.07
A6: 4 | B6: Acetylene | C6: C2H2 | D6: 26.038
A7: 5 | B7: Chlorine | C7: Cl2 | D7: 70.905
A8: 6 | B8: CₙHₘ | C8: CnHm | D8: 16.043
A9: 7 | B9: Water | C9: H2O | D9: 18.015
A10: 8 | B10: CₓHᵧCl | C10: CxHyCl | D10: 50.488
A11: 9 | B11: Bromine | C11: Br2 | D11: 159.808
A12: 10 | B12: Nitrogen trichloride | C12: NCl3 | D12: 120.365
A13: 11 | B13: Hydrogen | C13: H2 | D13: 2.016
A14: 12 | B14: Oxygen | C14: O2 | D14: 31.999
... A23: 21 | B23: Fraksi berat (C₄H₈Cl₂) | C23: HVY | D23: 127.013

Sheet Data Termo
A1: Data Termodinamika Komponen (metode panas pembentukan, reference state: unsur pada 25 °C, 1 atm)
A2: Cp gas = A + BT + CT² + DT³ + ET⁴; Cp cair = A + BT + CT² + DT³; Cp padat = A + BT + CT² (J/(mol·K) = kJ/(kmol·K), T dalam K). ΔHvap = A(1 − T/Tc)ⁿ (kJ/mol). Sumber: Yaws, C.L. (1999) Chemical Properties Handbook, McGraw-Hill.
E4: Cp gas ideal (Tabel 2-1 / 2-2) | J4: Cp cair (Tabel 3-1 / 3-2) | N4: Cp padat (Tabel 4-2) | Q4: ΔHvap (Tabel 5-1 / 5-2) | T4: Pembentukan (Tabel 12-1 / 12-2) | V4: Entalpi
A5: No | B5: Kode | C5: Komponen | D5: BM | E5: A | F5: B | G5: C | H5: D | I5: E | J5: A | K5: B | L5: C | M5: D | N5: A | O5: B | P5: C | Q5: A (kJ/mol) | R5: Tc (K) | S5: n | T5: ΔHf° 298 (kJ/mol) | U5: Fase ΔHf° | V5: ΔHvap 298 K (kJ/kmol) | W5: Ĥ° gas 298 K (kJ/kmol) | X5: Ĥ° cair 298 K (kJ/kmol)
A6: 1 | B6: C2H4 | C6: C₂H₄ | D6: ='Data Komponen'!$D$3 -> 28.054 | E6: 32.083 | F6: -0.014831 | G6: 0.00024774 | H6: -2.3766e-07 | I6: 6.8274e-11 | J6: - | K6: - | L6: - | M6: - | N6: - | O6: - | P6: - | Q6: 19.986 | R6: 282.36 | S6: 0.431 | T6: 52.3 | U6: gas | V6: =Q6*1000*MAX(0,1-298.15/R6)^S6 -> 0 | W6: =T6*1000 -> 52300 | X6: -
A7: 2 | B7: CH4 | C7: CH₄ | D7: ='Data Komponen'!$D$4 -> 16.043 | E7: 34.942 | F7: -0.039957 | G7: 0.00019184 | H7: -1.5303e-07 | I7: 3.9321e-11 | J7: - | K7: - | L7: - | M7: - | N7: - | O7: - | P7: - | Q7: 10.312 | R7: 190.58 | S7: 0.265 | T7: -74.85 | U7: gas | V7: =Q7*1000*MAX(0,1-298.15/R7)^S7 -> 0 | W7: =T7*1000 -> -74850 | X7: -
A8: 3 | B8: C2H6 | C8: C₂H₆ | D8: ='Data Komponen'!$D$5 -> 30.07 | E8: 28.146 | F8: 0.043447 | G8: 0.00018946 | H8: -1.9082e-07 | I8: 5.3349e-11 | J8: - | K8: - | L8: - | M8: - | N8: - | O8: - | P8: - | Q8: - | R8: - | S8: - | T8: -84.68 | U8: gas | V8: - | W8: =T8*1000 -> -84680 | X8: -
A9: 4 | B9: C2H2 | C9: C₂H₂ | D9: ='Data Komponen'!$D$6 -> 26.038 | E9: 19.36 | F9: 0.11519 | G9: -0.00012374 | H9: 7.237e-08 | I9: -1.659e-11 | J9: - | K9: - | L9: - | M9: - | N9: - | O9: - | P9: - | Q9: - | R9: - | S9: - | T9: 226.73 | U9: gas | V9: - | W9: =T9*1000 -> 226730 | X9: -
A10: 5 | B10: Cl2 | C10: Cl₂ | D10: ='Data Komponen'!$D$7 -> 70.905 | E10: 27.213 | F10: 0.030426 | G10: -3.3353e-05 | H10: 1.5961e-08 | I10: -2.7021e-12 | J10: 127.601 | K10: -0.60215 | L10: 0.0015776 | M10: -5.3099e-07 | N10: - | O10: - | P10: - | Q10: 28.56 | R10: 417.15 | S10: 0.401 | T10: 0 | U10: gas | V10: =Q10*1000*MAX(0,1-298.15/R10)^S10 -> 17270.915 | W10: =T10*1000 -> 0 | X10: =T10*1000-V10 -> -17270.915
A11: 6 | B11: CnHm | C11: CₙHₘ | D11: ='Data Komponen'!$D$8 -> 16.043 | E11: 34.942 | F11: -0.039957 | G11: 0.00019184 | H11: -1.5303e-07 | I11: 3.9321e-11 | J11: - | K11: - | L11: - | M11: - | N11: - | O11: - | P11: - | Q11: 10.312 | R11: 190.58 | S11: 0.265 | T11: -74.85 | U11: gas | V11: =Q11*1000*MAX(0,1-298.15/R11)^S11 -> 0 | W11: =T11*1000 -> -74850 | X11: -
A12: 7 | B12: H2O | C12: H₂O | D12: ='Data Komponen'!$D$9 -> 18.015 | E12: 33.933 | F12: -0.0084186 | G12: 2.9906e-05 | H12: -1.7825e-08 | I12: 3.6934e-12 | J12: 92.053 | K12: -0.039953 | L12: -0.00021103 | M12: 5.3469e-07 | N12: - | O12: - | P12: - | Q12: 52.053 | R12: 647.13 | S12: 0.321 | T12: -241.8 | U12: gas | V12: =Q12*1000*MAX(0,1-298.15/R12)^S12 -> 42692.979 | W12: =T12*1000 -> -241800 | X12: =T12*1000-V12 -> -284492.98
A13: 8 | B13: CxHyCl | C13: CₓHᵧCl | D13: ='Data Komponen'!$D$10 -> 50.488 | E13: 27.385 | F13: 0.026036 | G13: 0.0001032 | H13: -1.0887e-07 | I13: 3.1642e-11 | J13: - | K13: - | L13: - | M13: - | N13: - | O13: - | P13: - | Q13: 32.534 | R13: 416.25 | S13: 0.452 | T13: -86.32 | U13: gas | V13: =Q13*1000*MAX(0,1-298.15/R13)^S13 -> 18409.682 | W13: =T13*1000 -> -86320 | X13: -
A14: 9 | B14: Br2 | C14: Br₂ | D14: ='Data Komponen'!$D$11 -> 159.808 | E14: 27.169 | F14: 0.049172 | G14: -8.5027e-05 | H14: 6.2796e-08 | I14: -1.6556e-11 | J14: 165.688 | K14: -0.65579 | L14: 0.0013794 | M14: -6.0832e-07 | N14: - | O14: - | P14: - | Q14: 41.279 | R14: 584.15 | S14: 0.38 | T14: 30.9 | U14: gas | V14: =Q14*1000*MAX(0,1-298.15/R14)^S14 -> 31467.989 | W14: =T14*1000 -> 30900 | X14: =T14*1000-V14 -> -567.98943
A15: 10 | B15: NCl3 | C15: NCl₃ | D15: ='Data Komponen'!$D$12 -> 120.365 | E15: - | F15: - | G15: - | H15: - | I15: - | J15: 192.643 | K15: -0.61039 | L15: 0.0010601 | M15: -6.3674e-08 | N15: - | O15: - | P15: - | Q15: 43.544 | R15: 564 | S15: 0.38 | T15: 230 | U15: cair | V15: =Q15*1000*MAX(0,1-298.15/R15)^S15 -> 32719.314 | W15: =T15*1000+V15 -> 262719.31 | X15: =T15*1000 -> 230000
A16: 11 | B16: H2 | C16: H₂ | D16: ='Data Komponen'!$D$13 -> 2.016 | E16: 25.399 | F16: 0.020178 | G16: -3.8549e-05 | H16: 3.188e-08 | I16: -8.7585e-12 | J16: - | K16: - | L16: - | M16: - | N16: - | O16: - | P16: - | Q16: - | R16: - | S16: - | T16: 0 | U16: gas | V16: - | W16: =T16*1000 -> 0 | X16: -
A17: 12 | B17: O2 | C17: O₂ | D17: ='Data Komponen'!$D$14 -> 31.999 | E17: 29.526 | F17: -0.0088999 | G17: 3.8083e-05 | H17: -3.2629e-08 | I17: 8.8607e-12 | J17: - | K17: - | L17: - | M17: - | N17: - | O17: - | P17: - | Q17: - | R17: - | S17: - | T17: 0 | U17: gas | V17: - | W17: =T17*1000 -> 0 | X17: -
A18: 13 | B18: N2 | C18: N₂ | D18: ='Data Komponen'!$D$15 -> 28.014 | E18: 29.342 | F18: -0.0035395 | G18: 1.0076e-05 | H18: -4.3116e-09 | I18: 2.5935e-13 | J18: - | K18: - | L18: - | M18: - | N18: - | O18: - | P18: - | Q18: - | R18: - | S18: - | T18: 0 | U18: gas | V18: - | W18: =T18*1000 -> 0 | X18: -
A19: 14 | B19: CO2 | C19: CO₂ | D19: ='Data Komponen'!$D$16 -> 44.01 | E19: 27.437 | F19: 0.042315 | G19: -1.9555e-05 | H19: 3.9968e-09 | I19: -2.9872e-13 | J19: - | K19: - | L19: - | M19: - | N19: - | O19: - | P19: - | Q19: - | R19: - | S19: - | T19: -393.5 | U19: gas | V19: - | W19: =T19*1000 -> -393500 | X19: -
A20: 15 | B20: EDC | C20: EDC | D20: ='Data Komponen'!$D$17 -> 98.959 | E20: 37.275 | F20: 0.14362 | G20: 1.0378e-05 | H20: -7.8305e-08 | I20: 2.8872e-11 | J20: 26.31 | K20: 0.77555 | L20: -0.0022271 | M20: 2.6109e-06 | N20: - | O20: - | P20: - | Q20: 45.426 | R20: 561 | S20: 0.342 | T20: -129.7 | U20: gas | V20: =Q20*1000*MAX(0,1-298.15/R20)^S20 -> 35050.912 | W20: =T20*1000 -> -129700 | X20: =T20*1000-V20 -> -164750.91
A21: 16 | B21: TCE | C21: TCE | D21: ='Data Komponen'!$D$18 -> 133.403 | E21: 28.881 | F21: 0.24893 | G21: -0.00017639 | H21: 5.2632e-08 | I21: -3.5668e-12 | J21: 34.934 | K21: 0.85054 | L21: -0.0023306 | M21: 2.6455e-06 | N21: - | O21: - | P21: - | Q21: 46.865 | R21: 602 | S21: 0.294 | T21: -138.49 | U21: gas | V21: =Q21*1000*MAX(0,1-298.15/R21)^S21 -> 38330.905 | W21: =T21*1000 -> -138490 | X21: =T21*1000-V21 -> -176820.9
A22: 17 | B22: HCl | C22: HCl | D22: ='Data Komponen'!$D$19 -> 36.461 | E22: 29.244 | F22: -0.0012615 | G22: 1.121e-06 | H22: 4.9676e-09 | I22: -2.4963e-12 | J22: 73.993 | K22: -0.12946 | L22: -7.898e-05 | M22: 2.6409e-06 | N22: - | O22: - | P22: - | Q22: 30.54 | R22: 324.65 | S22: 0.647 | T22: -92.3 | U22: gas | V22: =Q22*1000*MAX(0,1-298.15/R22)^S22 -> 6037.0301 | W22: =T22*1000 -> -92300 | X22: =T22*1000-V22 -> -98337.03
A23: 18 | B23: FeCl3 | C23: FeCl₃ | D23: ='Data Komponen'!$D$20 -> 162.204 | E23: - | F23: - | G23: - | H23: - | I23: - | J23: - | K23: - | L23: - | M23: - | N23: 35.813 | O23: 0.26813 | P23: -0.00020735 | Q23: - | R23: - | S23: - | T23: -399.5 | U23: padat | V23: - | W23: - | X23: -
A24: 19 | B24: C2H5Cl | C24: C₂H₅Cl | D24: ='Data Komponen'!$D$21 -> 64.515 | E24: 35.946 | F24: 0.052294 | G24: 0.00020321 | H24: -2.2795e-07 | I24: 6.9123e-11 | J24: 60.18 | K24: 0.34553 | L24: -0.0012983 | M24: 2.1963e-06 | N24: - | O24: - | P24: - | Q24: 35.233 | R24: 460.35 | S24: 0.365 | T24: -111.71 | U24: gas | V24: =Q24*1000*MAX(0,1-298.15/R24)^S24 -> 24076.37 | W24: =T24*1000 -> -111710 | X24: =T24*1000-V24 -> -135786.37
A25: 20 | B25: VCM | C25: VCM | D25: ='Data Komponen'!$D$22 -> 62.498 | E25: 17.193 | F25: 0.14564 | G25: -6.4281e-05 | H25: -3.2385e-09 | I25: 6.7882e-12 | J25: 45.366 | K25: 0.28792 | L25: -0.0011535 | M25: 2.1636e-06 | N25: - | O25: - | P25: - | Q25: 35.586 | R25: 432 | S25: 0.483 | T25: 28.45 | U25: gas | V25: =Q25*1000*MAX(0,1-298.15/R25)^S25 -> 20206.784 | W25: =T25*1000 -> 28450 | X25: =T25*1000-V25 -> 8243.216
A26: 21 | B26: HVY | C26: C₄H₈Cl₂ (berat) | D26: ='Data Komponen'!$D$23 -> 127.013 | E26: 0.074 | F26: 0.51333 | G26: -0.00043439 | H26: 2.0527e-07 | I26: -4.1398e-11 | J26: 64.944 | K26: 0.83651 | L26: -0.0021802 | M26: 2.4034e-06 | N26: - | O26: - | P26: - | Q26: 57.353 | R26: 641 | S26: 0.376 | T26: -179 | U26: gas | V26: =Q26*1000*MAX(0,1-298.15/R26)^S26 -> 45329.057 | W26: =T26*1000 -> -179000 | X26: =T26*1000-V26 -> -224329.06
A28: Data tambahan
C29: ΔHf° HCl(aq), pengenceran tak hingga (kJ/mol) = ΔHf° H⁺(aq) + ΔHf° Cl⁻(aq) | D29: -167.08
C30: Tc etilena (K) | D30: 282.36
C31: Pc etilena (bar) | D31: 50.32
C32: Faktor asentrik etilena ω | D32: 0.085
C33: Densitas cair EDC: A (g/mL) | D33: 0.46501
C34: Densitas cair EDC: B | D34: 0.28742
C35: Densitas cair EDC: n | D35: 0.31041
C36: Densitas cair EDC: Tc (K) | D36: 561
C37: Titik didih normal Cl₂ (K) | D37: 239.12
C38: Titik didih normal HCl (K) | D38: 188.15
C39: Titik didih normal EDC (K) | D39: 356.59
C40: Konstanta gas R (kJ/(kmol·K)) | D40: 8.314
A42: Cara menghitung Ĥᵢ (kJ/kmol) di setiap aliran, reference state unsur pada 25 °C dan 1 atm:
A43: Gas: Ĥ = Ĥ°gas,298 + ∫Cp,gas dT dari 298.15 K sampai T.
A44: Cair: Ĥ = Ĥ°cair,298 + ∫Cp,cair dT, dengan Ĥ°cair,298 = ΔHf°gas − ΔHvap(298.15 K) (jalur: bentuk gas pada 25 °C, kondensasi pada 25 °C, lalu panaskan cairan).
A45: Padat (FeCl₃): Ĥ = ΔHf°padat + ∫Cp,padat dT. FeCl₃ terlarut di EDC atau air memakai jalur padat; panas pelarutan diabaikan karena lajunya < 0.03 kmol/h.
A46: HCl terlarut dalam air asam: Ĥ = ΔHf°HCl(aq) + ∫Cp,gas dT (Cp gas dipakai sebagai pendekatan, suhu hanya 35 °C).
A47: NCl₃ fase gas: Ĥ = ΔHf°cair + ∫Cp,cair dT + ΔHvap(T), karena Yaws tidak memberi Cp gas NCl₃.
A48: Gas permanen yang terlarut dalam cairan (N₂, O₂, CO₂, H₂, CH₄, CₙHₘ, CₓHᵧCl di Cl₂ cair) dihitung sebagai gas; panas pelarutannya diabaikan.
A49: CₙHₘ memakai data metana dan CₓHᵧCl memakai data metil klorida, sama dengan representasi di sheet Data Komponen. Fraksi berat memakai data 1,4-diklorobutana (C₄H₈Cl₂).
A50: Batas berlaku persamaan Cp di Yaws: VCM cair 120 s.d. 389 K (aliran 49 pada 425 K memakai ekstrapolasi, VCM hanya 0.5 %-berat); HCl cair 165 s.d. 308 K (HCl cair di aliran 45 dan 47 < 0.001 kmol/h).

Sheet NME-1 Klorinasi Langsung
A3: Neraca Massa dan Energi
A4: NM Blok 1: Klorinasi Langsung (R-01 + Kondensor Vent)
A5: Tujuan: | B5: Mereaksikan etilena dan klorin menjadi EDC, lalu memisahkan gas vent dari EDC kasar cair
A6: Unjuk Kerja | B6: =1-0.0001 -> 0.9999 | C6: Konversi Cl₂
B7: =300/1000000 -> 0.0003 | C7: Kadar 1,1,2-trikloroetana dalam EDC produk (fraksi berat)
B8: 1.004 | C8: Rasio mol umpan C₂H₄/Cl₂
B9: =200/1000000 -> 0.0002 | C9: Kadar FeCl₃ terlarut dalam EDC (fraksi berat)
B10: =1.08/1000 -> 0.00108 | C10: EDC terbawa gas vent R-01 (kg/kg EDC R-01 + R-02)
B11: 11 | C11: Superheat minimum uap Cl₂ keluar E-101 (K)
A13: Basis Perhitungan | B13: 200000 | C13: t/tahun kapasitas VCM produk
B14: 7920 | C14: jam/tahun waktu operasi
B15: =B13*1000/B14 -> 25252.525 | C15: kg/h target VCM produk
B16: =IFERROR(IF(OR(B16<1,'NME-8 Kolom VCM'!G37<=0),$B$15/4.14,B16*$B$15/'NME-8 Kolom VCM'!G37),$B$15/4.14) -> 6100.5722 | C16: kg/h aliran etilena ke R-01 (dikoreksi iterasi sampai VCM produk = target)
A18: Substance | B18: Inlet | N18: Outlet
B19: Aliran 3 | F19: Aliran 8 | J19: Aliran 10 | N19: Aliran 14 | R19: Aliran 13
B20: ẋᵢ | C20: ṁᵢ (kg/h) | D20: ẏᵢ | E20: ṅᵢ (kmol/h) | F20: ẋᵢ | G20: ṁᵢ (kg/h) | H20: ẏᵢ | I20: ṅᵢ (kmol/h) | J20: ẋᵢ | K20: ṁᵢ (kg/h) | L20: ẏᵢ | M20: ṅᵢ (kmol/h) | N20: ẋᵢ | O20: ṁᵢ (kg/h) | P20: ẏᵢ | Q20: ṅᵢ (kmol/h) | R20: ẋᵢ | S20: ṁᵢ (kg/h) | T20: ẏᵢ | U20: ṅᵢ (kmol/h)
A21: C₂H₄ | B21: =C21/C$42 -> 0 | C21: =E21*'Data Komponen'!$D$3 -> 0 | D21: =E21/E$42 -> 0 | E21: =0 -> 0 | F21: =G21/G$42 -> 0.99975105 | G21: =I21*'Data Komponen'!$D$3 -> 6099.0534 | H21: =I21/I$42 -> 0.99957829 | I21: =$B$16*'T-102'!$X$3/'Data Komponen'!$D$3 -> 217.40406 | J21: =K21/K$42 -> 0 | K21: =M21*'Data Komponen'!$D$3 -> 0 | L21: =M21/M$42 -> 0 | M21: =0 -> 0 | N21: =O21/O$42 -> 0 | O21: =Q21*'Data Komponen'!$D$3 -> 0 | P21: =Q21/Q$42 -> 0 | Q21: =0 -> 0 | R21: =S21/S$42 -> 0.2696025 | S21: =U21*'Data Komponen'!$D$3 -> 26.258047 | T21: =U21/U$42 -> 0.38879451 | U21: =I21-($B$6*E25-Q36) -> 0.93598227
A22: CH₄ | B22: =C22/C$42 -> 0 | C22: =E22*'Data Komponen'!$D$4 -> 0 | D22: =E22/E$42 -> 0 | E22: =0 -> 0 | F22: =G22/G$42 -> 0.00023148056 | G22: =I22*'Data Komponen'!$D$4 -> 1.4121639 | H22: =I22/I$42 -> 0.00040471443 | I22: =$B$16*'T-102'!$X$4/'Data Komponen'!$D$4 -> 0.088023679 | J22: =K22/K$42 -> 0 | K22: =M22*'Data Komponen'!$D$4 -> 0 | L22: =M22/M$42 -> 0 | M22: =0 -> 0 | N22: =O22/O$42 -> 0 | O22: =Q22*'Data Komponen'!$D$4 -> 0 | P22: =Q22/Q$42 -> 0 | Q22: =0 -> 0 | R22: =S22/S$42 -> 0.014499285 | S22: =U22*'Data Komponen'!$D$4 -> 1.4121639 | T22: =U22/U$42 -> 0.036563858 | U22: =I22 -> 0.088023679
A23: C₂H₆ | B23: =C23/C$42 -> 0 | C23: =E23*'Data Komponen'!$D$5 -> 0 | D23: =E23/E$42 -> 0 | E23: =0 -> 0 | F23: =G23/G$42 -> 1.2632146e-05 | G23: =I23*'Data Komponen'!$D$5 -> 0.077063317 | H23: =I23/I$42 -> 1.1783205e-05 | I23: =$B$16*'T-102'!$X$5/'Data Komponen'!$D$5 -> 0.0025627974 | J23: =K23/K$42 -> 0 | K23: =M23*'Data Komponen'!$D$5 -> 0 | L23: =M23/M$42 -> 0 | M23: =0 -> 0 | N23: =O23/O$42 -> 0 | O23: =Q23*'Data Komponen'!$D$5 -> 0 | P23: =Q23/Q$42 -> 0 | Q23: =0 -> 0 | R23: =S23/S$42 -> 0.00079124175 | S23: =U23*'Data Komponen'!$D$5 -> 0.077063317 | T23: =U23/U$42 -> 0.0010645517 | U23: =I23 -> 0.0025627974
A24: C₂H₂ | B24: =C24/C$42 -> 0 | C24: =E24*'Data Komponen'!$D$6 -> 0 | D24: =E24/E$42 -> 0 | E24: =0 -> 0 | F24: =G24/G$42 -> 4.8381901e-06 | G24: =I24*'Data Komponen'!$D$6 -> 0.029515728 | H24: =I24/I$42 -> 5.2118876e-06 | I24: =$B$16*'T-102'!$X$6/'Data Komponen'!$D$6 -> 0.0011335636 | J24: =K24/K$42 -> 0 | K24: =M24*'Data Komponen'!$D$6 -> 0 | L24: =M24/M$42 -> 0 | M24: =0 -> 0 | N24: =O24/O$42 -> 0 | O24: =Q24*'Data Komponen'!$D$6 -> 0 | P24: =Q24/Q$42 -> 0 | Q24: =0 -> 0 | R24: =S24/S$42 -> 0.00030305049 | S24: =U24*'Data Komponen'!$D$6 -> 0.029515728 | T24: =U24/U$42 -> 0.00047086713 | U24: =I24 -> 0.0011335636
A25: Cl₂ | B25: =C25/C$42 -> 0.998471 | C25: =E25*'Data Komponen'!$D$7 -> 15353.62 | D25: =E25/E$42 -> 0.99595193 | E25: =I21/$B$8 -> 216.53791 | F25: =G25/G$42 -> 0 | G25: =I25*'Data Komponen'!$D$7 -> 0 | H25: =I25/I$42 -> 0 | I25: =0 -> 0 | J25: =K25/K$42 -> 0 | K25: =M25*'Data Komponen'!$D$7 -> 0 | L25: =M25/M$42 -> 0 | M25: =0 -> 0 | N25: =O25/O$42 -> 0 | O25: =Q25*'Data Komponen'!$D$7 -> 0 | P25: =Q25/Q$42 -> 0 | Q25: =0 -> 0 | R25: =S25/S$42 -> 0.015764213 | S25: =U25*'Data Komponen'!$D$7 -> 1.535362 | T25: =U25/U$42 -> 0.0089946949 | U25: =E25*(1-$B$6) -> 0.021653791
A26: CₙHₘ | B26: =C26/C$42 -> 4e-06 | C26: =E26*'Data Komponen'!$D$8 -> 0.061508528 | D26: =E26/E$42 -> 1.7634136e-05 | E26: ='T-101'!$B$2/'T-101'!$B$11*C25/'Data Komponen'!$D$8 -> 0.0038339792 | F26: =G26/G$42 -> 0 | G26: =I26*'Data Komponen'!$D$8 -> 0 | H26: =I26/I$42 -> 0 | I26: =0 -> 0 | J26: =K26/K$42 -> 0 | K26: =M26*'Data Komponen'!$D$8 -> 0 | L26: =M26/M$42 -> 0 | M26: =0 -> 0 | N26: =O26/O$42 -> 0 | O26: =Q26*'Data Komponen'!$D$8 -> 0 | P26: =Q26/Q$42 -> 0 | Q26: =0 -> 0 | R26: =S26/S$42 -> 0.00063153413 | S26: =U26*'Data Komponen'!$D$8 -> 0.061508528 | T26: =U26/U$42 -> 0.0015925836 | U26: =E26 -> 0.0038339792
A27: H₂O | B27: =C27/C$42 -> 1.2e-05 | C27: =E27*'Data Komponen'!$D$9 -> 0.18452558 | D27: =E27/E$42 -> 4.7111482e-05 | E27: ='T-101'!$B$3/'T-101'!$B$11*C25/'Data Komponen'!$D$9 -> 0.010242886 | F27: =G27/G$42 -> 0 | G27: =I27*'Data Komponen'!$D$9 -> 0 | H27: =I27/I$42 -> 0 | I27: =0 -> 0 | J27: =K27/K$42 -> 0 | K27: =M27*'Data Komponen'!$D$9 -> 0 | L27: =M27/M$42 -> 0 | M27: =0 -> 0 | N27: =O27/O$42 -> 8.6289026e-06 | O27: =Q27*'Data Komponen'!$D$9 -> 0.18452558 | P27: =Q27/Q$42 -> 4.7406553e-05 | Q27: =E27 -> 0.010242886 | R27: =S27/S$42 -> 0 | S27: =U27*'Data Komponen'!$D$9 -> 0 | T27: =U27/U$42 -> 0 | U27: =0 -> 0
A28: CₓHᵧCl | B28: =C28/C$42 -> 8e-06 | C28: =E28*'Data Komponen'!$D$10 -> 0.12301706 | D28: =E28/E$42 -> 1.12068e-05 | E28: ='T-101'!$B$4/'T-101'!$B$11*C25/'Data Komponen'!$D$10 -> 0.0024365603 | F28: =G28/G$42 -> 0 | G28: =I28*'Data Komponen'!$D$10 -> 0 | H28: =I28/I$42 -> 0 | I28: =0 -> 0 | J28: =K28/K$42 -> 0 | K28: =M28*'Data Komponen'!$D$10 -> 0 | L28: =M28/M$42 -> 0 | M28: =0 -> 0 | N28: =O28/O$42 -> 0 | O28: =Q28*'Data Komponen'!$D$10 -> 0 | P28: =Q28/Q$42 -> 0 | Q28: =0 -> 0 | R28: =S28/S$42 -> 0.0012630683 | S28: =U28*'Data Komponen'!$D$10 -> 0.12301706 | T28: =U28/U$42 -> 0.0010121145 | U28: =E28 -> 0.0024365603
A29: Br₂ | B29: =C29/C$42 -> 9e-05 | C29: =E29*'Data Komponen'!$D$11 -> 1.3839419 | D29: =E29/E$42 -> 3.9831235e-05 | E29: ='T-101'!$B$5/'T-101'!$B$11*C25/'Data Komponen'!$D$11 -> 0.0086600287 | F29: =G29/G$42 -> 0 | G29: =I29*'Data Komponen'!$D$11 -> 0 | H29: =I29/I$42 -> 0 | I29: =0 -> 0 | J29: =K29/K$42 -> 0 | K29: =M29*'Data Komponen'!$D$11 -> 0 | L29: =M29/M$42 -> 0 | M29: =0 -> 0 | N29: =O29/O$42 -> 6.4716769e-05 | O29: =Q29*'Data Komponen'!$D$11 -> 1.3839419 | P29: =Q29/Q$42 -> 4.0080709e-05 | Q29: =E29 -> 0.0086600287 | R29: =S29/S$42 -> 0 | S29: =U29*'Data Komponen'!$D$11 -> 0 | T29: =U29/U$42 -> 0 | U29: =0 -> 0
A30: NCl₃ | B30: =C30/C$42 -> 5e-06 | C30: =E30*'Data Komponen'!$D$12 -> 0.076885659 | D30: =E30/E$42 -> 2.937985e-06 | E30: ='T-101'!$B$6/'T-101'!$B$11*C25/'Data Komponen'!$D$12 -> 0.0006387709 | F30: =G30/G$42 -> 0 | G30: =I30*'Data Komponen'!$D$12 -> 0 | H30: =I30/I$42 -> 0 | I30: =0 -> 0 | J30: =K30/K$42 -> 0 | K30: =M30*'Data Komponen'!$D$12 -> 0 | L30: =M30/M$42 -> 0 | M30: =0 -> 0 | N30: =O30/O$42 -> 3.5953761e-06 | O30: =Q30*'Data Komponen'!$D$12 -> 0.076885659 | P30: =Q30/Q$42 -> 2.9563863e-06 | Q30: =E30 -> 0.0006387709 | R30: =S30/S$42 -> 0 | S30: =U30*'Data Komponen'!$D$12 -> 0 | T30: =U30/U$42 -> 0 | U30: =0 -> 0
A31: H₂ | B31: =C31/C$42 -> 3e-05 | C31: =E31*'Data Komponen'!$D$13 -> 0.46131396 | D31: =E31/E$42 -> 0.0010524719 | E31: ='T-101'!$B$7/'T-101'!$B$11*C25/'Data Komponen'!$D$13 -> 0.22882637 | F31: =G31/G$42 -> 0 | G31: =I31*'Data Komponen'!$D$13 -> 0 | H31: =I31/I$42 -> 0 | I31: =0 -> 0 | J31: =K31/K$42 -> 0 | K31: =M31*'Data Komponen'!$D$13 -> 0 | L31: =M31/M$42 -> 0 | M31: =0 -> 0 | N31: =O31/O$42 -> 0 | O31: =Q31*'Data Komponen'!$D$13 -> 0 | P31: =Q31/Q$42 -> 0 | Q31: =0 -> 0 | R31: =S31/S$42 -> 0.004736506 | S31: =U31*'Data Komponen'!$D$13 -> 0.46131396 | T31: =U31/U$42 -> 0.095051411 | U31: =E31 -> 0.22882637
A32: O₂ | B32: =C32/C$42 -> 0.00018 | C32: =E32*'Data Komponen'!$D$14 -> 2.7678837 | D32: =E32/E$42 -> 0.00039784681 | E32: ='T-101'!$B$8/'T-101'!$B$11*C25/'Data Komponen'!$D$14 -> 0.08649907 | F32: =G32/G$42 -> 0 | G32: =I32*'Data Komponen'!$D$14 -> 0 | H32: =I32/I$42 -> 0 | I32: =0 -> 0 | J32: =K32/K$42 -> 0 | K32: =M32*'Data Komponen'!$D$14 -> 0 | L32: =M32/M$42 -> 0 | M32: =0 -> 0 | N32: =O32/O$42 -> 0 | O32: =Q32*'Data Komponen'!$D$14 -> 0 | P32: =Q32/Q$42 -> 0 | Q32: =0 -> 0 | R32: =S32/S$42 -> 0.028419036 | S32: =U32*'Data Komponen'!$D$14 -> 2.7678837 | T32: =U32/U$42 -> 0.035930556 | U32: =E32 -> 0.08649907
A33: N₂ | B33: =C33/C$42 -> 0.0006 | C33: =E33*'Data Komponen'!$D$15 -> 9.2262791 | D33: =E33/E$42 -> 0.0015148021 | E33: ='T-101'!$B$9/'T-101'!$B$11*C25/'Data Komponen'!$D$15 -> 0.3293453 | F33: =G33/G$42 -> 0 | G33: =I33*'Data Komponen'!$D$15 -> 0 | H33: =I33/I$42 -> 0 | I33: =0 -> 0 | J33: =K33/K$42 -> 0 | K33: =M33*'Data Komponen'!$D$15 -> 0 | L33: =M33/M$42 -> 0 | M33: =0 -> 0 | N33: =O33/O$42 -> 0 | O33: =Q33*'Data Komponen'!$D$15 -> 0 | P33: =Q33/Q$42 -> 0 | Q33: =0 -> 0 | R33: =S33/S$42 -> 0.094730119 | S33: =U33*'Data Komponen'!$D$15 -> 9.2262791 | T33: =U33/U$42 -> 0.13680563 | U33: =E33 -> 0.3293453
A34: CO₂ | B34: =C34/C$42 -> 0.0006 | C34: =E34*'Data Komponen'!$D$16 -> 9.2262791 | D34: =E34/E$42 -> 0.00096422784 | E34: ='T-101'!$B$10/'T-101'!$B$11*C25/'Data Komponen'!$D$16 -> 0.20964052 | F34: =G34/G$42 -> 0 | G34: =I34*'Data Komponen'!$D$16 -> 0 | H34: =I34/I$42 -> 0 | I34: =0 -> 0 | J34: =K34/K$42 -> 0 | K34: =M34*'Data Komponen'!$D$16 -> 0 | L34: =M34/M$42 -> 0 | M34: =0 -> 0 | N34: =O34/O$42 -> 0 | O34: =Q34*'Data Komponen'!$D$16 -> 0 | P34: =Q34/Q$42 -> 0 | Q34: =0 -> 0 | R34: =S34/S$42 -> 0.094730119 | S34: =U34*'Data Komponen'!$D$16 -> 9.2262791 | T34: =U34/U$42 -> 0.087081865 | U34: =E34 -> 0.20964052
A35: EDC | B35: =C35/C$42 -> 0 | C35: =E35*'Data Komponen'!$D$17 -> 0 | D35: =E35/E$42 -> 0 | E35: =0 -> 0 | F35: =G35/G$42 -> 0 | G35: =I35*'Data Komponen'!$D$17 -> 0 | H35: =I35/I$42 -> 0 | I35: =0 -> 0 | J35: =K35/K$42 -> 0 | K35: =M35*'Data Komponen'!$D$17 -> 0 | L35: =M35/M$42 -> 0 | M35: =0 -> 0 | N35: =O35/O$42 -> 0.9994221 | O35: =Q35*'Data Komponen'!$D$17 -> 21372.236 | P35: =Q35/Q$42 -> 0.99956429 | Q35: =$B$6*E25-2*Q36-U35 -> 215.97062 | R35: =S35/S$42 -> 0.45649382 | S35: =U35*'Data Komponen'!$D$17 -> 44.460404 | T35: =U35/U$42 -> 0.18662534 | U35: =$B$10*(($B$6*E25-2*Q36)+'NME-2 Oksiklorinasi'!Q34) -> 0.44928105
A36: TCE | B36: =C36/C$42 -> 0 | C36: =E36*'Data Komponen'!$D$18 -> 0 | D36: =E36/E$42 -> 0 | E36: =0 -> 0 | F36: =G36/G$42 -> 0 | G36: =I36*'Data Komponen'!$D$18 -> 0 | H36: =I36/I$42 -> 0 | I36: =0 -> 0 | J36: =K36/K$42 -> 0 | K36: =M36*'Data Komponen'!$D$18 -> 0 | L36: =M36/M$42 -> 0 | M36: =0 -> 0 | N36: =O36/O$42 -> 0.00030054052 | O36: =Q36*'Data Komponen'!$D$18 -> 6.4269371 | P36: =Q36/Q$42 -> 0.00022297415 | Q36: =$B$7*$B$6*E25*'Data Komponen'!$D$17/('Data Komponen'!$D$18*(1-$B$7)+2*$B$7*'Data Komponen'!$D$17) -> 0.048176856 | R36: =S36/S$42 -> 0 | S36: =U36*'Data Komponen'!$D$18 -> 0 | T36: =U36/U$42 -> 0 | U36: =0 -> 0
A37: HCl | B37: =C37/C$42 -> 0 | C37: =E37*'Data Komponen'!$D$19 -> 0 | D37: =E37/E$42 -> 0 | E37: =0 -> 0 | F37: =G37/G$42 -> 0 | G37: =I37*'Data Komponen'!$D$19 -> 0 | H37: =I37/I$42 -> 0 | I37: =0 -> 0 | J37: =K37/K$42 -> 0 | K37: =M37*'Data Komponen'!$D$19 -> 0 | L37: =M37/M$42 -> 0 | M37: =0 -> 0 | N37: =O37/O$42 -> 0 | O37: =Q37*'Data Komponen'!$D$19 -> 0 | P37: =Q37/Q$42 -> 0 | Q37: =0 -> 0 | R37: =S37/S$42 -> 0.018035514 | S37: =U37*'Data Komponen'!$D$19 -> 1.7565763 | T37: =U37/U$42 -> 0.020012021 | U37: =Q36 -> 0.048176856
A38: FeCl₃ | B38: =C38/C$42 -> 0 | C38: =E38*'Data Komponen'!$D$20 -> 0 | D38: =E38/E$42 -> 0 | E38: =0 -> 0 | F38: =G38/G$42 -> 0 | G38: =I38*'Data Komponen'!$D$20 -> 0 | H38: =I38/I$42 -> 0 | I38: =0 -> 0 | J38: =K38/K$42 -> 1 | K38: =M38*'Data Komponen'!$D$20 -> 4.285811 | L38: =M38/M$42 -> 1 | M38: =$B$9/(1-$B$9)*((Q35+U35)*'Data Komponen'!$D$17+Q36*'Data Komponen'!$D$18+Q27*'Data Komponen'!$D$9+Q29*'Data Komponen'!$D$11+Q30*'Data Komponen'!$D$12)/'Data Komponen'!$D$20 -> 0.026422351 | N38: =O38/O$42 -> 0.00020041582 | O38: =Q38*'Data Komponen'!$D$20 -> 4.285811 | P38: =Q38/Q$42 -> 0.00012228903 | Q38: =M38 -> 0.026422351 | R38: =S38/S$42 -> 0 | S38: =U38*'Data Komponen'!$D$20 -> 0 | T38: =U38/U$42 -> 0 | U38: =0 -> 0
A39: C₂H₅Cl | B39: =C39/C$42 -> 0 | C39: =E39*'Data Komponen'!$D$21 -> 0 | D39: =E39/E$42 -> 0 | E39: =0 -> 0 | F39: =G39/G$42 -> 0 | G39: =I39*'Data Komponen'!$D$21 -> 0 | H39: =I39/I$42 -> 0 | I39: =0 -> 0 | J39: =K39/K$42 -> 0 | K39: =M39*'Data Komponen'!$D$21 -> 0 | L39: =M39/M$42 -> 0 | M39: =0 -> 0 | N39: =O39/O$42 -> 0 | O39: =Q39*'Data Komponen'!$D$21 -> 0 | P39: =Q39/Q$42 -> 0 | Q39: =0 -> 0 | R39: =S39/S$42 -> 0 | S39: =U39*'Data Komponen'!$D$21 -> 0 | T39: =U39/U$42 -> 0 | U39: =0 -> 0
A40: VCM | B40: =C40/C$42 -> 0 | C40: =E40*'Data Komponen'!$D$22 -> 0 | D40: =E40/E$42 -> 0 | E40: =0 -> 0 | F40: =G40/G$42 -> 0 | G40: =I40*'Data Komponen'!$D$22 -> 0 | H40: =I40/I$42 -> 0 | I40: =0 -> 0 | J40: =K40/K$42 -> 0 | K40: =M40*'Data Komponen'!$D$22 -> 0 | L40: =M40/M$42 -> 0 | M40: =0 -> 0 | N40: =O40/O$42 -> 0 | O40: =Q40*'Data Komponen'!$D$22 -> 0 | P40: =Q40/Q$42 -> 0 | Q40: =0 -> 0 | R40: =S40/S$42 -> 0 | S40: =U40*'Data Komponen'!$D$22 -> 0 | T40: =U40/U$42 -> 0 | U40: =0 -> 0
A41: C₄H₈Cl₂ (berat) | B41: =C41/C$42 -> 0 | C41: =E41*'Data Komponen'!$D$23 -> 0 | D41: =E41/E$42 -> 0 | E41: =0 -> 0 | F41: =G41/G$42 -> 0 | G41: =I41*'Data Komponen'!$D$23 -> 0 | H41: =I41/I$42 -> 0 | I41: =0 -> 0 | J41: =K41/K$42 -> 0 | K41: =M41*'Data Komponen'!$D$23 -> 0 | L41: =M41/M$42 -> 0 | M41: =0 -> 0 | N41: =O41/O$42 -> 0 | O41: =Q41*'Data Komponen'!$D$23 -> 0 | P41: =Q41/Q$42 -> 0 | Q41: =0 -> 0 | R41: =S41/S$42 -> 0 | S41: =U41*'Data Komponen'!$D$23 -> 0 | T41: =U41/U$42 -> 0 | U41: =0 -> 0
A42: Sub Total | B42: =SUM(B21:B41) -> 1 | C42: =SUM(C21:C41) -> 15377.132 | D42: =SUM(D21:D41) -> 1 | E42: =SUM(E21:E41) -> 217.41803 | F42: =SUM(F21:F41) -> 1 | G42: =SUM(G21:G41) -> 6100.5722 | H42: =SUM(H21:H41) -> 1 | I42: =SUM(I21:I41) -> 217.49578 | ... U42: =SUM(U21:U41) -> 2.4073958
A43: TOTAL MASSA | B43: =C42+G42+K42 -> 21481.99 | N43: =O42+S42 -> 21481.99
A44: Selisih (Inlet − Outlet), kg/h | B44: =B43-N43 -> -1.6734703e-10
A47: Neraca Energi V-101: Valve Cl₂
A48: Reference state: unsur pada 25 °C dan 1 atm (metode panas pembentukan)
A49: No. aliran PFD | B49: 1 | D49: 2
A50: Dari | B50: T-101 | D50: V-101
A51: Ke | B51: V-101 | D51: E-101
A52: T (K) | B52: =B53+273.15 -> 303.15 | D52: ='Data Termo'!$D$37 -> 239.12
A53: T (°C) | B53: 30 | D53: =IF(ISNUMBER(D52),D52-273.15,"-") -> -34.03
A54: P (bar abs) | B54: 8.9 | D54: 1.01325
A55: Substance | B55: INLET | D55: OUTLET
B56: Aliran 1 | D56: Aliran 2
B57: ṅᵢ (kmol/h) | C57: Ĥᵢ (kJ/kmol) | D57: ṅᵢ (kmol/h) | E57: Ĥᵢ (kJ/kmol)
A58: Cl₂ (l / l+g) | B58: =E25 -> 216.53791 | C58: ='Data Termo'!$X$10+('Data Termo'!$J$10*($B$52-298.15)+'Data Termo'!$K$10/2*($B$52^2-298.15^2)+'Data Termo'!$L$10/3*($B$52^3-298.15^3)+'Data Termo'!$M$10/4*($B$52^4-298.15^4)) -> -16897.231 | D58: =E25 -> 216.53791 | E58: =C58 -> -16897.231
A59: CₙHₘ (g) | B59: =E26 -> 0.0038339792 | C59: ='Data Termo'!$W$11+('Data Termo'!$E$11*($B$52-298.15)+'Data Termo'!$F$11/2*($B$52^2-298.15^2)+'Data Termo'!$G$11/3*($B$52^3-298.15^3)+'Data Termo'!$H$11/4*($B$52^4-298.15^4)+'Data Termo'!$I$11/5*($B$52^5-298.15^5)) -> -74667.839 | D59: =E26 -> 0.0038339792 | E59: =C59 -> -74667.839
A60: H₂O (l / l+g) | B60: =E27 -> 0.010242886 | C60: ='Data Termo'!$X$12+('Data Termo'!$J$12*($B$52-298.15)+'Data Termo'!$K$12/2*($B$52^2-298.15^2)+'Data Termo'!$L$12/3*($B$52^3-298.15^3)+'Data Termo'!$M$12/4*($B$52^4-298.15^4)) -> -284115.49 | D60: =E27 -> 0.010242886 | E60: =C60 -> -284115.49
A61: CₓHᵧCl (g) | B61: =E28 -> 0.0024365603 | C61: ='Data Termo'!$W$13+('Data Termo'!$E$13*($B$52-298.15)+'Data Termo'!$F$13/2*($B$52^2-298.15^2)+'Data Termo'!$G$13/3*($B$52^3-298.15^3)+'Data Termo'!$H$13/4*($B$52^4-298.15^4)+'Data Termo'!$I$13/5*($B$52^5-298.15^5)) -> -86110.795 | D61: =E28 -> 0.0024365603 | E61: =C61 -> -86110.795
A62: Br₂ (l / l+g) | B62: =E29 -> 0.0086600287 | C62: ='Data Termo'!$X$14+('Data Termo'!$J$14*($B$52-298.15)+'Data Termo'!$K$14/2*($B$52^2-298.15^2)+'Data Termo'!$L$14/3*($B$52^3-298.15^3)+'Data Termo'!$M$14/4*($B$52^4-298.15^4)) -> -184.59251 | D62: =E29 -> 0.0086600287 | E62: =C62 -> -184.59251
A63: NCl₃ (l / l+g) | B63: =E30 -> 0.0006387709 | C63: ='Data Termo'!$X$15+('Data Termo'!$J$15*($B$52-298.15)+'Data Termo'!$K$15/2*($B$52^2-298.15^2)+'Data Termo'!$L$15/3*($B$52^3-298.15^3)+'Data Termo'!$M$15/4*($B$52^4-298.15^4)) -> 230516.12 | D63: =E30 -> 0.0006387709 | E63: =C63 -> 230516.12
A64: H₂ (g) | B64: =E31 -> 0.22882637 | C64: ='Data Termo'!$W$16+('Data Termo'!$E$16*($B$52-298.15)+'Data Termo'!$F$16/2*($B$52^2-298.15^2)+'Data Termo'!$G$16/3*($B$52^3-298.15^3)+'Data Termo'!$H$16/4*($B$52^4-298.15^4)+'Data Termo'!$I$16/5*($B$52^5-298.15^5)) -> 143.87916 | D64: =E31 -> 0.22882637 | E64: =C64 -> 143.87916
A65: O₂ (g) | B65: =E32 -> 0.08649907 | C65: ='Data Termo'!$W$17+('Data Termo'!$E$17*($B$52-298.15)+'Data Termo'!$F$17/2*($B$52^2-298.15^2)+'Data Termo'!$G$17/3*($B$52^3-298.15^3)+'Data Termo'!$H$17/4*($B$52^4-298.15^4)+'Data Termo'!$I$17/5*($B$52^5-298.15^5)) -> 147.39143 | D65: =E32 -> 0.08649907 | E65: =C65 -> 147.39143
A66: N₂ (g) | B66: =E33 -> 0.3293453 | C66: ='Data Termo'!$W$18+('Data Termo'!$E$18*($B$52-298.15)+'Data Termo'!$F$18/2*($B$52^2-298.15^2)+'Data Termo'!$G$18/3*($B$52^3-298.15^3)+'Data Termo'!$H$18/4*($B$52^4-298.15^4)+'Data Termo'!$I$18/5*($B$52^5-298.15^5)) -> 145.36792 | D66: =E33 -> 0.3293453 | E66: =C66 -> 145.36792
A67: CO₂ (g) | B67: =E34 -> 0.20964052 | C67: ='Data Termo'!$W$19+('Data Termo'!$E$19*($B$52-298.15)+'Data Termo'!$F$19/2*($B$52^2-298.15^2)+'Data Termo'!$G$19/3*($B$52^3-298.15^3)+'Data Termo'!$H$19/4*($B$52^4-298.15^4)+'Data Termo'!$I$19/5*($B$52^5-298.15^5)) -> -393307.51 | D67: =E34 -> 0.20964052 | E67: =C67 -> -393307.51
A68: Sub Total ṅᵢĤᵢ (kJ/h) | B68: =SUMPRODUCT(B58:B67,C58:C67) -> -3744511.3 | D68: =SUMPRODUCT(D58:D67,E58:E67) -> -3744511.3
A69: Heat of reaction / heat of mixing | B69: -
A70: Q (kJ/h) | B70: 0
A71: W (kJ/h) | B71: 0
A72: TOTAL (kJ/h) | B72: =B68+$B$70+$B$71 -> -3744511.3 | D72: =D68 -> -3744511.3
A73: Selisih masuk − keluar (kJ/h) | B73: =B72-D72 -> 0
A74: Q (kW) | B74: =$B$70/3600 -> 0
A75: W (kW) | B75: =$B$71/3600 -> 0
A78: Neraca Energi E-101: Vaporizer Cl₂
A79: Reference state: unsur pada 25 °C dan 1 atm (metode panas pembentukan)
A80: No. aliran PFD | B80: 2 | D80: 3
A81: Dari | B81: V-101 | D81: E-101
A82: Ke | B82: E-101 | D82: R-01
A83: T (K) | B83: =$D$52 -> 239.12 | D83: ='Data Termo'!$D$37+$B$11 -> 250.12
A84: T (°C) | B84: =$D$53 -> -34.03 | D84: =IF(ISNUMBER(D83),D83-273.15,"-") -> -23.03
A85: P (bar abs) | B85: =$D$54 -> 1.01325 | D85: 1.01325
A86: Substance | B86: INLET | D86: OUTLET
B87: Aliran 2 | D87: Aliran 3
B88: ṅᵢ (kmol/h) | C88: Ĥᵢ (kJ/kmol) | D88: ṅᵢ (kmol/h) | E88: Ĥᵢ (kJ/kmol)
A89: Cl₂ (l+g / g) | B89: =E25 -> 216.53791 | C89: =$C$58 -> -16897.231 | D89: =E25 -> 216.53791 | E89: ='Data Termo'!$W$10+('Data Termo'!$E$10*($D$83-298.15)+'Data Termo'!$F$10/2*($D$83^2-298.15^2)+'Data Termo'!$G$10/3*($D$83^3-298.15^3)+'Data Termo'!$H$10/4*($D$83^4-298.15^4)+'Data Termo'!$I$10/5*($D$83^5-298.15^5)) -> -1602.1265
A90: CₙHₘ (g) | B90: =E26 -> 0.0038339792 | C90: =$C$59 -> -74667.839 | D90: =E26 -> 0.0038339792 | E90: ='Data Termo'!$W$11+('Data Termo'!$E$11*($D$83-298.15)+'Data Termo'!$F$11/2*($D$83^2-298.15^2)+'Data Termo'!$G$11/3*($D$83^3-298.15^3)+'Data Termo'!$H$11/4*($D$83^4-298.15^4)+'Data Termo'!$I$11/5*($D$83^5-298.15^5)) -> -76554.619
A91: H₂O (l+g / g) | B91: =E27 -> 0.010242886 | C91: =$C$60 -> -284115.49 | D91: =E27 -> 0.010242886 | E91: ='Data Termo'!$W$12+('Data Termo'!$E$12*($D$83-298.15)+'Data Termo'!$F$12/2*($D$83^2-298.15^2)+'Data Termo'!$G$12/3*($D$83^3-298.15^3)+'Data Termo'!$H$12/4*($D$83^4-298.15^4)+'Data Termo'!$I$12/5*($D$83^5-298.15^5)) -> -243410.42
A92: CₓHᵧCl (g) | B92: =E28 -> 0.0024365603 | C92: =$C$61 -> -86110.795 | D92: =E28 -> 0.0024365603 | E92: ='Data Termo'!$W$13+('Data Termo'!$E$13*($D$83-298.15)+'Data Termo'!$F$13/2*($D$83^2-298.15^2)+'Data Termo'!$G$13/3*($D$83^3-298.15^3)+'Data Termo'!$H$13/4*($D$83^4-298.15^4)+'Data Termo'!$I$13/5*($D$83^5-298.15^5)) -> -88251.722
A93: Br₂ (l+g / g) | B93: =E29 -> 0.0086600287 | C93: =$C$62 -> -184.59251 | D93: =E29 -> 0.0086600287 | E93: ='Data Termo'!$W$14+('Data Termo'!$E$14*($D$83-298.15)+'Data Termo'!$F$14/2*($D$83^2-298.15^2)+'Data Termo'!$G$14/3*($D$83^3-298.15^3)+'Data Termo'!$H$14/4*($D$83^4-298.15^4)+'Data Termo'!$I$14/5*($D$83^5-298.15^5)) -> 29197.274
A94: NCl₃ (l+g / g) | B94: =E30 -> 0.0006387709 | C94: =$C$63 -> 230516.12 | D94: =E30 -> 0.0006387709 | E94: ='Data Termo'!$X$15+('Data Termo'!$J$15*($D$83-298.15)+'Data Termo'!$K$15/2*($D$83^2-298.15^2)+'Data Termo'!$L$15/3*($D$83^3-298.15^3)+'Data Termo'!$M$15/4*($D$83^4-298.15^4))+('Data Termo'!$Q$15*1000*MAX(0,1-$D$83/'Data Termo'!$R$15)^'Data Termo'!$S$15) -> 259862.27
A95: H₂ (g) | B95: =E31 -> 0.22882637 | C95: =$C$64 -> 143.87916 | D95: =E31 -> 0.22882637 | E95: ='Data Termo'!$W$16+('Data Termo'!$E$16*($D$83-298.15)+'Data Termo'!$F$16/2*($D$83^2-298.15^2)+'Data Termo'!$G$16/3*($D$83^3-298.15^3)+'Data Termo'!$H$16/4*($D$83^4-298.15^4)+'Data Termo'!$I$16/5*($D$83^5-298.15^5)) -> -1375.4693
A96: O₂ (g) | B96: =E32 -> 0.08649907 | C96: =$C$65 -> 147.39143 | D96: =E32 -> 0.08649907 | E96: ='Data Termo'!$W$17+('Data Termo'!$E$17*($D$83-298.15)+'Data Termo'!$F$17/2*($D$83^2-298.15^2)+'Data Termo'!$G$17/3*($D$83^3-298.15^3)+'Data Termo'!$H$17/4*($D$83^4-298.15^4)+'Data Termo'!$I$17/5*($D$83^5-298.15^5)) -> -1408.6689
A97: N₂ (g) | B97: =E33 -> 0.3293453 | C97: =$C$66 -> 145.36792 | D97: =E33 -> 0.3293453 | E97: ='Data Termo'!$W$18+('Data Termo'!$E$18*($D$83-298.15)+'Data Termo'!$F$18/2*($D$83^2-298.15^2)+'Data Termo'!$G$18/3*($D$83^3-298.15^3)+'Data Termo'!$H$18/4*($D$83^4-298.15^4)+'Data Termo'!$I$18/5*($D$83^5-298.15^5)) -> -1394.9271
A98: CO₂ (g) | B98: =E34 -> 0.20964052 | C98: =$C$67 -> -393307.51 | D98: =E34 -> 0.20964052 | E98: ='Data Termo'!$W$19+('Data Termo'!$E$19*($D$83-298.15)+'Data Termo'!$F$19/2*($D$83^2-298.15^2)+'Data Termo'!$G$19/3*($D$83^3-298.15^3)+'Data Termo'!$H$19/4*($D$83^4-298.15^4)+'Data Termo'!$I$19/5*($D$83^5-298.15^5)) -> -395308.09
A99: Sub Total ṅᵢĤᵢ (kJ/h) | B99: =SUMPRODUCT(B89:B98,C89:C98) -> -3744511.3 | D99: =SUMPRODUCT(D89:D98,E89:E98) -> -433272.63
A100: Heat of reaction / heat of mixing | B100: -
A101: Q (kJ/h) | B101: =(D99)-(B99) -> 3311238.7
A102: W (kJ/h) | B102: 0
A103: TOTAL (kJ/h) | B103: =B99+$B$101+$B$102 -> -433272.63 | D103: =D99 -> -433272.63
A104: Selisih masuk − keluar (kJ/h) | B104: =B103-D103 -> -1.1641532e-10
A105: Q (kW) | B105: =$B$101/3600 -> 919.78853
A106: W (kW) | B106: =$B$102/3600 -> 0
A109: Neraca Energi T-102: Tangki penyangga etilena
A110: Reference state: unsur pada 25 °C dan 1 atm (metode panas pembentukan)
...

Sheet NME-2 Oksiklorinasi
A3: Neraca Massa dan Energi
A4: NM Blok 2: Oksiklorinasi (R-02)
A5: Tujuan: | B5: Mereaksikan etilena, HCl daur ulang, dan oksigen (udara) menjadi EDC
A6: Unjuk Kerja | B6: 2 | C6: Rasio mol HCl/C₂H₄
B7: 0.8 | C7: Rasio mol O₂/C₂H₄
B8: 0.995 | C8: Konversi C₂H₄
B9: 0.982 | C9: Efisiensi C₂H₄ menjadi EDC (mol EDC/mol C₂H₄ umpan)
B10: 0.986 | C10: Konversi HCl
B11: 0.21 | C11: Fraksi mol O₂ dalam udara
B12: 0.75 | C12: Efisiensi isentropik kompresor K-101
B13: 11 | C13: Superheat uap HCl keluar E-109 (K)
A15: Basis Perhitungan | B15: ='NME-1 Klorinasi Langsung'!$B$16 -> 6100.5722 | C15: kg/h aliran etilena ke R-01 (NME-1)
A17: Substance | B17: Inlet | N17: Outlet
B18: Aliran 9 | F18: Aliran 44 | J18: Aliran 17 | N18: Aliran 18
B19: ẋᵢ | C19: ṁᵢ (kg/h) | D19: ẏᵢ | E19: ṅᵢ (kmol/h) | F19: ẋᵢ | G19: ṁᵢ (kg/h) | H19: ẏᵢ | I19: ṅᵢ (kmol/h) | J19: ẋᵢ | K19: ṁᵢ (kg/h) | L19: ẏᵢ | M19: ṅᵢ (kmol/h) | N19: ẋᵢ | O19: ṁᵢ (kg/h) | P19: ẏᵢ | Q19: ṅᵢ (kmol/h)
A20: C₂H₄ | B20: =C20/C$41 -> 0.99975105 | C20: =E20*'Data Komponen'!$D$3 -> 5701.6777 | D20: =E20/E$41 -> 0.99957829 | E20: =I36/$B$6 -> 203.23939 | F20: =G20/G$41 -> 0 | G20: =I20*'Data Komponen'!$D$3 -> 0 | H20: =I20/I$41 -> 0 | I20: ='NME-7 Kolom HCl'!I15 -> 0 | J20: =K20/K$41 -> 0 | K20: =M20*'Data Komponen'!$D$3 -> 0 | L20: =M20/M$41 -> 0 | M20: =0 -> 0 | N20: =O20/O$41 -> 0.00066170751 | O20: =Q20*'Data Komponen'!$D$3 -> 28.508389 | P20: =Q20/Q$41 -> 0.00093556297 | Q20: =E20*(1-$B$8) -> 1.0161969
A21: CH₄ | B21: =C21/C$41 -> 0.00023148056 | C21: =E21*'Data Komponen'!$D$4 -> 1.3201562 | D21: =E21/E$41 -> 0.00040471443 | E21: =(E20*'Data Komponen'!$D$3/'T-102'!$X$3)*'T-102'!$X$4/'Data Komponen'!$D$4 -> 0.082288614 | F21: =G21/G$41 -> 0 | G21: =I21*'Data Komponen'!$D$4 -> 0 | H21: =I21/I$41 -> 0 | I21: ='NME-7 Kolom HCl'!I16 -> 0 | J21: =K21/K$41 -> 0 | K21: =M21*'Data Komponen'!$D$4 -> 0 | L21: =M21/M$41 -> 0 | M21: =0 -> 0 | N21: =O21/O$41 -> 3.0642114e-05 | O21: =Q21*'Data Komponen'!$D$4 -> 1.3201562 | P21: =Q21/Q$41 -> 7.5759115e-05 | Q21: =E21+I21+M21 -> 0.082288614
A22: C₂H₆ | B22: =C22/C$41 -> 1.2632146e-05 | C22: =E22*'Data Komponen'!$D$5 -> 0.072042359 | D22: =E22/E$41 -> 1.1783205e-05 | E22: =(E20*'Data Komponen'!$D$3/'T-102'!$X$3)*'T-102'!$X$5/'Data Komponen'!$D$5 -> 0.0023958217 | F22: =G22/G$41 -> 0 | G22: =I22*'Data Komponen'!$D$5 -> 0 | H22: =I22/I$41 -> 0 | I22: ='NME-7 Kolom HCl'!I17 -> 0 | J22: =K22/K$41 -> 0 | K22: =M22*'Data Komponen'!$D$5 -> 0 | L22: =M22/M$41 -> 0 | M22: =0 -> 0 | N22: =O22/O$41 -> 1.6721734e-06 | O22: =Q22*'Data Komponen'!$D$5 -> 0.072042359 | P22: =Q22/Q$41 -> 2.2057163e-06 | Q22: =E22+I22+M22 -> 0.0023958217
A23: C₂H₂ | B23: =C23/C$41 -> 4.8381901e-06 | C23: =E23*'Data Komponen'!$D$6 -> 0.02759267 | D23: =E23/E$41 -> 5.2118876e-06 | E23: =(E20*'Data Komponen'!$D$3/'T-102'!$X$3)*'T-102'!$X$6/'Data Komponen'!$D$6 -> 0.0010597077 | F23: =G23/G$41 -> 0 | G23: =I23*'Data Komponen'!$D$6 -> 0 | H23: =I23/I$41 -> 0 | I23: ='NME-7 Kolom HCl'!I18 -> 0 | J23: =K23/K$41 -> 0 | K23: =M23*'Data Komponen'!$D$6 -> 0 | L23: =M23/M$41 -> 0 | M23: =0 -> 0 | N23: =O23/O$41 -> 6.4045279e-07 | O23: =Q23*'Data Komponen'!$D$6 -> 0.02759267 | P23: =Q23/Q$41 -> 9.7562125e-07 | Q23: =E23+I23+M23 -> 0.0010597077
A24: Cl₂ | B24: =C24/C$41 -> 0 | C24: =E24*'Data Komponen'!$D$7 -> 0 | D24: =E24/E$41 -> 0 | E24: =0 -> 0 | F24: =G24/G$41 -> 0.014588688 | G24: =I24*'Data Komponen'!$D$7 -> 219.4523 | H24: =I24/I$41 -> 0.0075559258 | I24: ='NME-7 Kolom HCl'!I19 -> 3.0950187 | J24: =K24/K$41 -> 0 | K24: =M24*'Data Komponen'!$D$7 -> 0 | L24: =M24/M$41 -> 0 | M24: =0 -> 0 | N24: =O24/O$41 -> 0.0050937019 | O24: =Q24*'Data Komponen'!$D$7 -> 219.4523 | P24: =Q24/Q$41 -> 0.0028494328 | Q24: =E24+I24+M24 -> 3.0950187
A25: CₙHₘ | B25: =C25/C$41 -> 0 | C25: =E25*'Data Komponen'!$D$8 -> 0 | D25: =E25/E$41 -> 0 | E25: =0 -> 0 | F25: =G25/G$41 -> 0 | G25: =I25*'Data Komponen'!$D$8 -> 0 | H25: =I25/I$41 -> 0 | I25: ='NME-7 Kolom HCl'!I20 -> 0 | J25: =K25/K$41 -> 0 | K25: =M25*'Data Komponen'!$D$8 -> 0 | L25: =M25/M$41 -> 0 | M25: =0 -> 0 | N25: =O25/O$41 -> 0 | O25: =Q25*'Data Komponen'!$D$8 -> 0 | P25: =Q25/Q$41 -> 0 | Q25: =0 -> 0
A26: H₂O | B26: =C26/C$41 -> 0 | C26: =E26*'Data Komponen'!$D$9 -> 0 | D26: =E26/E$41 -> 0 | E26: =0 -> 0 | F26: =G26/G$41 -> 0 | G26: =I26*'Data Komponen'!$D$9 -> 0 | H26: =I26/I$41 -> 0 | I26: ='NME-7 Kolom HCl'!I21 -> 0 | J26: =K26/K$41 -> 0 | K26: =M26*'Data Komponen'!$D$9 -> 0 | L26: =M26/M$41 -> 0 | M26: =0 -> 0 | N26: =O26/O$41 -> 0.084303811 | O26: =Q26*'Data Komponen'!$D$9 -> 3632.0667 | P26: =Q26/Q$41 -> 0.18561569 | Q26: =Q34+Q33 -> 201.61347
A27: CₓHᵧCl | B27: =C27/C$41 -> 0 | C27: =E27*'Data Komponen'!$D$10 -> 0 | D27: =E27/E$41 -> 0 | E27: =0 -> 0 | F27: =G27/G$41 -> 0 | G27: =I27*'Data Komponen'!$D$10 -> 0 | H27: =I27/I$41 -> 0 | I27: ='NME-7 Kolom HCl'!I22 -> 0 | J27: =K27/K$41 -> 0 | K27: =M27*'Data Komponen'!$D$10 -> 0 | L27: =M27/M$41 -> 0 | M27: =0 -> 0 | N27: =O27/O$41 -> 0 | O27: =Q27*'Data Komponen'!$D$10 -> 0 | P27: =Q27/Q$41 -> 0 | Q27: =0 -> 0
A28: Br₂ | B28: =C28/C$41 -> 0 | C28: =E28*'Data Komponen'!$D$11 -> 0 | D28: =E28/E$41 -> 0 | E28: =0 -> 0 | F28: =G28/G$41 -> 0 | G28: =I28*'Data Komponen'!$D$11 -> 0 | H28: =I28/I$41 -> 0 | I28: ='NME-7 Kolom HCl'!I23 -> 0 | J28: =K28/K$41 -> 0 | K28: =M28*'Data Komponen'!$D$11 -> 0 | L28: =M28/M$41 -> 0 | M28: =0 -> 0 | N28: =O28/O$41 -> 0 | O28: =Q28*'Data Komponen'!$D$11 -> 0 | P28: =Q28/Q$41 -> 0 | Q28: =0 -> 0
A29: NCl₃ | B29: =C29/C$41 -> 0 | C29: =E29*'Data Komponen'!$D$12 -> 0 | D29: =E29/E$41 -> 0 | E29: =0 -> 0 | F29: =G29/G$41 -> 0 | G29: =I29*'Data Komponen'!$D$12 -> 0 | H29: =I29/I$41 -> 0 | I29: ='NME-7 Kolom HCl'!I24 -> 0 | J29: =K29/K$41 -> 0 | K29: =M29*'Data Komponen'!$D$12 -> 0 | L29: =M29/M$41 -> 0 | M29: =0 -> 0 | N29: =O29/O$41 -> 0 | O29: =Q29*'Data Komponen'!$D$12 -> 0 | P29: =Q29/Q$41 -> 0 | Q29: =0 -> 0
A30: H₂ | B30: =C30/C$41 -> 0 | C30: =E30*'Data Komponen'!$D$13 -> 0 | D30: =E30/E$41 -> 0 | E30: =0 -> 0 | F30: =G30/G$41 -> 0 | G30: =I30*'Data Komponen'!$D$13 -> 0 | H30: =I30/I$41 -> 0 | I30: ='NME-7 Kolom HCl'!I25 -> 0 | J30: =K30/K$41 -> 0 | K30: =M30*'Data Komponen'!$D$13 -> 0 | L30: =M30/M$41 -> 0 | M30: =0 -> 0 | N30: =O30/O$41 -> 0 | O30: =Q30*'Data Komponen'!$D$13 -> 0 | P30: =Q30/Q$41 -> 0 | Q30: =0 -> 0
A31: O₂ | B31: =C31/C$41 -> 0 | C31: =E31*'Data Komponen'!$D$14 -> 0 | D31: =E31/E$41 -> 0 | E31: =0 -> 0 | F31: =G31/G$41 -> 0 | G31: =I31*'Data Komponen'!$D$14 -> 0 | H31: =I31/I$41 -> 0 | I31: ='NME-7 Kolom HCl'!I26 -> 0 | J31: =K31/K$41 -> 0.2329148 | K31: =M31*'Data Komponen'!$D$14 -> 5202.7657 | L31: =M31/M$41 -> 0.21 | M31: =$B$7*E20 -> 162.59151 | N31: =O31/O$41 -> 0.044379766 | O31: =Q31*'Data Komponen'!$D$14 -> 1912.0164 | P31: =Q31/Q$41 -> 0.055011103 | Q31: =M31-0.5*Q34-1.5*Q33 -> 59.75238
A32: N₂ | B32: =C32/C$41 -> 0 | C32: =E32*'Data Komponen'!$D$15 -> 0 | D32: =E32/E$41 -> 0 | E32: =0 -> 0 | F32: =G32/G$41 -> 0 | G32: =I32*'Data Komponen'!$D$15 -> 0 | H32: =I32/I$41 -> 0 | I32: ='NME-7 Kolom HCl'!I27 -> 0 | J32: =K32/K$41 -> 0.7670852 | K32: =M32*'Data Komponen'!$D$15 -> 17134.869 | L32: =M32/M$41 -> 0.79 | M32: =M31*(1-$B$11)/$B$11 -> 611.65377 | N32: =O32/O$41 -> 0.39771702 | O32: =Q32*'Data Komponen'!$D$15 -> 17134.869 | P32: =Q32/Q$41 -> 0.56311981 | Q32: =E32+I32+M32 -> 611.65377
A33: CO₂ | B33: =C33/C$41 -> 0 | C33: =E33*'Data Komponen'!$D$16 -> 0 | D33: =E33/E$41 -> 0 | E33: =0 -> 0 | F33: =G33/G$41 -> 0 | G33: =I33*'Data Komponen'!$D$16 -> 0 | H33: =I33/I$41 -> 0 | I33: ='NME-7 Kolom HCl'!I28 -> 0 | J33: =K33/K$41 -> 0 | K33: =M33*'Data Komponen'!$D$16 -> 0 | L33: =M33/M$41 -> 0 | M33: =0 -> 0 | N33: =O33/O$41 -> 0.0020761209 | O33: =Q33*'Data Komponen'!$D$16 -> 89.445654 | P33: =Q33/Q$41 -> 0.0018711259 | Q33: =2*($B$8*E20-Q34-Q38) -> 2.0323939
A34: EDC | B34: =C34/C$41 -> 0 | C34: =E34*'Data Komponen'!$D$17 -> 0 | D34: =E34/E$41 -> 0 | E34: =0 -> 0 | F34: =G34/G$41 -> 0 | G34: =I34*'Data Komponen'!$D$17 -> 0 | H34: =I34/I$41 -> 0 | I34: ='NME-7 Kolom HCl'!I29 -> 0 | J34: =K34/K$41 -> 0 | K34: =M34*'Data Komponen'!$D$17 -> 0 | L34: =M34/M$41 -> 0 | M34: =0 -> 0 | N34: =O34/O$41 -> 0.45842475 | O34: =Q34*'Data Komponen'!$D$17 -> 19750.344 | P34: =Q34/Q$41 -> 0.18374457 | Q34: =$B$9*E20 -> 199.58108
A35: TCE | B35: =C35/C$41 -> 0 | C35: =E35*'Data Komponen'!$D$18 -> 0 | D35: =E35/E$41 -> 0 | E35: =0 -> 0 | F35: =G35/G$41 -> 0 | G35: =I35*'Data Komponen'!$D$18 -> 0 | H35: =I35/I$41 -> 0 | I35: ='NME-7 Kolom HCl'!I30 -> 0 | J35: =K35/K$41 -> 0 | K35: =M35*'Data Komponen'!$D$18 -> 0 | L35: =M35/M$41 -> 0 | M35: =0 -> 0 | N35: =O35/O$41 -> 0 | O35: =Q35*'Data Komponen'!$D$18 -> 0 | P35: =Q35/Q$41 -> 0 | Q35: =0 -> 0
A36: HCl | B36: =C36/C$41 -> 0 | C36: =E36*'Data Komponen'!$D$19 -> 0 | D36: =E36/E$41 -> 0 | E36: =0 -> 0 | F36: =G36/G$41 -> 0.98524113 | G36: =I36*'Data Komponen'!$D$19 -> 14820.623 | H36: =I36/I$41 -> 0.99234407 | I36: ='NME-7 Kolom HCl'!I31 -> 406.47877 | J36: =K36/K$41 -> 0 | K36: =M36*'Data Komponen'!$D$19 -> 0 | L36: =M36/M$41 -> 0 | M36: =0 -> 0 | N36: =O36/O$41 -> 0.0048160155 | O36: =Q36*'Data Komponen'!$D$19 -> 207.48872 | P36: =Q36/Q$41 -> 0.0052391526 | Q36: =I36*(1-$B$10) -> 5.6907028
A37: FeCl₃ | B37: =C37/C$41 -> 0 | C37: =E37*'Data Komponen'!$D$20 -> 0 | D37: =E37/E$41 -> 0 | E37: =0 -> 0 | F37: =G37/G$41 -> 0 | G37: =I37*'Data Komponen'!$D$20 -> 0 | H37: =I37/I$41 -> 0 | I37: ='NME-7 Kolom HCl'!I32 -> 0 | J37: =K37/K$41 -> 0 | K37: =M37*'Data Komponen'!$D$20 -> 0 | L37: =M37/M$41 -> 0 | M37: =0 -> 0 | N37: =O37/O$41 -> 0 | O37: =Q37*'Data Komponen'!$D$20 -> 0 | P37: =Q37/Q$41 -> 0 | Q37: =0 -> 0
A38: C₂H₅Cl | B38: =C38/C$41 -> 0 | C38: =E38*'Data Komponen'!$D$21 -> 0 | D38: =E38/E$41 -> 0 | E38: =0 -> 0 | F38: =G38/G$41 -> 0 | G38: =I38*'Data Komponen'!$D$21 -> 0 | H38: =I38/I$41 -> 0 | I38: ='NME-7 Kolom HCl'!I33 -> 0 | J38: =K38/K$41 -> 0 | K38: =M38*'Data Komponen'!$D$21 -> 0 | L38: =M38/M$41 -> 0 | M38: =0 -> 0 | N38: =O38/O$41 -> 0.0024347364 | O38: =Q38*'Data Komponen'!$D$21 -> 104.89591 | P38: =Q38/Q$41 -> 0.0014969008 | Q38: =$B$10*I36-2*Q34 -> 1.6259151
A39: VCM | B39: =C39/C$41 -> 0 | C39: =E39*'Data Komponen'!$D$22 -> 0 | D39: =E39/E$41 -> 0 | E39: =0 -> 0 | F39: =G39/G$41 -> 0.00017018364 | G39: =I39*'Data Komponen'!$D$22 -> 2.5600103 | H39: =I39/I$41 -> 0.0001 | I39: ='NME-7 Kolom HCl'!I34 -> 0.040961475 | J39: =K39/K$41 -> 0 | K39: =M39*'Data Komponen'!$D$22 -> 0 | L39: =M39/M$41 -> 0 | M39: =0 -> 0 | N39: =O39/O$41 -> 5.9420336e-05 | O39: =Q39*'Data Komponen'!$D$22 -> 2.5600103 | P39: =Q39/Q$41 -> 3.7711233e-05 | Q39: =E39+I39+M39 -> 0.040961475
A40: C₄H₈Cl₂ (berat) | B40: =C40/C$41 -> 0 | C40: =E40*'Data Komponen'!$D$23 -> 0 | D40: =E40/E$41 -> 0 | E40: =0 -> 0 | F40: =G40/G$41 -> 0 | G40: =I40*'Data Komponen'!$D$23 -> 0 | H40: =I40/I$41 -> 0 | I40: ='NME-7 Kolom HCl'!I35 -> 0 | J40: =K40/K$41 -> 0 | K40: =M40*'Data Komponen'!$D$23 -> 0 | L40: =M40/M$41 -> 0 | M40: =0 -> 0 | N40: =O40/O$41 -> 0 | O40: =Q40*'Data Komponen'!$D$23 -> 0 | P40: =Q40/Q$41 -> 0 | Q40: =0 -> 0
A41: Sub Total | B41: =SUM(B20:B40) -> 1 | C41: =SUM(C20:C40) -> 5703.0975 | D41: =SUM(D20:D40) -> 1 | E41: =SUM(E20:E40) -> 203.32513 | F41: =SUM(F20:F40) -> 1 | G41: =SUM(G20:G40) -> 15042.635 | H41: =SUM(H20:H40) -> 1 | I41: =SUM(I20:I40) -> 409.61475 | ... Q41: =SUM(Q20:Q40) -> 1086.1876
A42: TOTAL MASSA | B42: =C41+G41+K41 -> 43083.367 | N42: =O41 -> 43083.066
A43: Selisih (Inlet − Outlet), kg/h | B43: =B42-N42 -> 0.30038781
A46: Neraca Energi K-101: Kompresor udara
A47: Reference state: unsur pada 25 °C dan 1 atm (metode panas pembentukan)
A48: No. aliran PFD | B48: 16 | D48: 17
A49: Dari | B49: Udara | D49: K-101
A50: Ke | B50: K-101 | D50: R-02
A51: T (K) | B51: =B52+273.15 -> 303.15 | D51: =IFERROR(IF(D51<100,$B$51,D51+(B64-D60)/(SUM(D58:D59)*29.5)),$B$51) -> 545.12147
A52: T (°C) | B52: 30 | D52: =IF(ISNUMBER(D51),D51-273.15,"-") -> 271.97147
A53: P (bar abs) | B53: 1.01325 | D53: 5.370225
A54: T isentropik (K) | B54: - | D54: =IFERROR(IF($D$54<100,$B$51*($D$53/$B$53)^('Data Termo'!$D$40/29.1),$B$51*($D$53/$B$53)^('Data Termo'!$D$40/((B58*('Data Termo'!$E$17+'Data Termo'!$F$17*(($B$51+$D$54)/2)+'Data Termo'!$G$17*(($B$51+$D$54)/2)^2+'Data Termo'!$H$17*(($B$51+$D$54)/2)^3+'Data Termo'!$I$17*(($B$51+$D$54)/2)^4)+B59*('Data Termo'!$E$18+'Data Termo'!$F$18*(($B$51+$D$54)/2)+'Data Termo'!$G$18*(($B$51+$D$54)/2)^2+'Data Termo'!$H$18*(($B$51+$D$54)/2)^3+'Data Termo'!$I$18*(($B$51+$D$54)/2)^4))/(B58+B59)))),$B$51*($D$53/$B$53)^('Data Termo'!$D$40/29.1)) -> 485.48313
A55: Substance | B55: INLET | D55: OUTLET
B56: Aliran 16 | D56: Aliran 17
B57: ṅᵢ (kmol/h) | C57: Ĥᵢ (kJ/kmol) | D57: ṅᵢ (kmol/h) | E57: Ĥᵢ (kJ/kmol)
A58: O₂ (g) | B58: =M31 -> 162.59151 | C58: ='Data Termo'!$W$17+('Data Termo'!$E$17*($B$51-298.15)+'Data Termo'!$F$17/2*($B$51^2-298.15^2)+'Data Termo'!$G$17/3*($B$51^3-298.15^3)+'Data Termo'!$H$17/4*($B$51^4-298.15^4)+'Data Termo'!$I$17/5*($B$51^5-298.15^5)) -> 147.39143 | D58: =M31 -> 162.59151 | E58: ='Data Termo'!$W$17+('Data Termo'!$E$17*($D$51-298.15)+'Data Termo'!$F$17/2*($D$51^2-298.15^2)+'Data Termo'!$G$17/3*($D$51^3-298.15^3)+'Data Termo'!$H$17/4*($D$51^4-298.15^4)+'Data Termo'!$I$17/5*($D$51^5-298.15^5)) -> 7510.4667
A59: N₂ (g) | B59: =M32 -> 611.65377 | C59: ='Data Termo'!$W$18+('Data Termo'!$E$18*($B$51-298.15)+'Data Termo'!$F$18/2*($B$51^2-298.15^2)+'Data Termo'!$G$18/3*($B$51^3-298.15^3)+'Data Termo'!$H$18/4*($B$51^4-298.15^4)+'Data Termo'!$I$18/5*($B$51^5-298.15^5)) -> 145.36792 | D59: =M32 -> 611.65377 | E59: ='Data Termo'!$W$18+('Data Termo'!$E$18*($D$51-298.15)+'Data Termo'!$F$18/2*($D$51^2-298.15^2)+'Data Termo'!$G$18/3*($D$51^3-298.15^3)+'Data Termo'!$H$18/4*($D$51^4-298.15^4)+'Data Termo'!$I$18/5*($D$51^5-298.15^5)) -> 7248.8159
A60: Sub Total ṅᵢĤᵢ (kJ/h) | B60: =SUMPRODUCT(B58:B59,C58:C59) -> 112879.43 | D60: =SUMPRODUCT(D58:D59,E58:E59) -> 5654903.7
A61: Heat of reaction / heat of mixing | B61: -
A62: Q (kJ/h) | B62: 0
A63: W (kJ/h) | B63: =(B58+B59)*((B58*('Data Termo'!$E$17+'Data Termo'!$F$17*(($B$51+$D$54)/2)+'Data Termo'!$G$17*(($B$51+$D$54)/2)^2+'Data Termo'!$H$17*(($B$51+$D$54)/2)^3+'Data Termo'!$I$17*(($B$51+$D$54)/2)^4)+B59*('Data Termo'!$E$18+'Data Termo'!$F$18*(($B$51+$D$54)/2)+'Data Termo'!$G$18*(($B$51+$D$54)/2)^2+'Data Termo'!$H$18*(($B$51+$D$54)/2)^3+'Data Termo'!$I$18*(($B$51+$D$54)/2)^4))/(B58+B59))*($D$54-$B$51)/$B$12 -> 5542024.3
A64: TOTAL (kJ/h) | B64: =B60+$B$62+$B$63 -> 5654903.7 | D64: =D60 -> 5654903.7
A65: Selisih masuk − keluar (kJ/h) | B65: =B64-D64 -> 2.3283064e-08
A66: Q (kW) | B66: =$B$62/3600 -> 0
A67: W (kW) | B67: =$B$63/3600 -> 1539.4512
A70: Neraca Energi V-104: Valve HCl daur ulang
A71: Reference state: unsur pada 25 °C dan 1 atm (metode panas pembentukan)
A72: No. aliran PFD | B72: 42 | D72: 43
A73: Dari | B73: KD-103 | D73: V-104
A74: Ke | B74: V-104 | D74: E-109
A75: T (K) | B75: ='NME-7 Kolom HCl'!$D$74 -> 244.25 | D75: -
A76: T (°C) | B76: ='NME-7 Kolom HCl'!$D$75 -> -28.9 | D76: -
A77: P (bar abs) | B77: ='NME-7 Kolom HCl'!$D$76 -> 11 | D77: 5.370225
A78: Substance | B78: INLET | D78: OUTLET
B79: Aliran 42 | D79: Aliran 43
B80: ṅᵢ (kmol/h) | C80: Ĥᵢ (kJ/kmol) | D80: ṅᵢ (kmol/h) | E80: Ĥᵢ (kJ/kmol)
A81: Cl₂ (l / l+g) | B81: ='NME-7 Kolom HCl'!I19 -> 3.0950187 | C81: ='Data Termo'!$X$10+('Data Termo'!$J$10*($B$75-298.15)+'Data Termo'!$K$10/2*($B$75^2-298.15^2)+'Data Termo'!$L$10/3*($B$75^3-298.15^3)+'Data Termo'!$M$10/4*($B$75^4-298.15^4)) -> -21044.746 | D81: ='NME-7 Kolom HCl'!I19 -> 3.0950187 | E81: =C81 -> -21044.746
A82: HCl (l / l+g) | B82: ='NME-7 Kolom HCl'!I31 -> 406.47877 | C82: ='Data Termo'!$X$22+('Data Termo'!$J$22*($B$75-298.15)+'Data Termo'!$K$22/2*($B$75^2-298.15^2)+'Data Termo'!$L$22/3*($B$75^3-298.15^3)+'Data Termo'!$M$22/4*($B$75^4-298.15^4)) -> -102986.04 | D82: ='NME-7 Kolom HCl'!I31 -> 406.47877 | E82: =C82 -> -102986.04
A83: VCM (l / l+g) | B83: ='NME-7 Kolom HCl'!I34 -> 0.040961475 | C83: ='Data Termo'!$X$25+('Data Termo'!$J$25*($B$75-298.15)+'Data Termo'!$K$25/2*($B$75^2-298.15^2)+'Data Termo'!$L$25/3*($B$75^3-298.15^3)+'Data Termo'!$M$25/4*($B$75^4-298.15^4)) -> 3828.0506 | D83: ='NME-7 Kolom HCl'!I34 -> 0.040961475 | E83: =C83 -> 3828.0506
A84: Sub Total ṅᵢĤᵢ (kJ/h) | B84: =SUMPRODUCT(B81:B83,C81:C83) -> -41926618 | D84: =SUMPRODUCT(D81:D83,E81:E83) -> -41926618
A85: Heat of reaction / heat of mixing | B85: -
A86: Q (kJ/h) | B86: 0
A87: W (kJ/h) | B87: 0
A88: TOTAL (kJ/h) | B88: =B84+$B$86+$B$87 -> -41926618 | D88: =D84 -> -41926618
A89: Selisih masuk − keluar (kJ/h) | B89: =B88-D88 -> 0
A90: Q (kW) | B90: =$B$86/3600 -> 0
A91: W (kW) | B91: =$B$87/3600 -> 0
A94: Neraca Energi E-109: Vaporizer HCl
A95: Reference state: unsur pada 25 °C dan 1 atm (metode panas pembentukan)
A96: No. aliran PFD | B96: 43 | D96: 44
A97: Dari | B97: V-104 | D97: E-109
A98: Ke | B98: E-109 | D98: R-02
A99: T (K) | B99: =$D$75 -> - | D99: =1/(1/'Data Termo'!$D$38-'Data Termo'!$D$40*LN(D101/1.01325)/('Data Termo'!$Q$22*1000*MAX(0,1-'Data Termo'!$D$38/'Data Termo'!$R$22)^'Data Termo'!$S$22))+$B$13 -> 232.25674
A100: T (°C) | B100: =$D$76 -> - | D100: =IF(ISNUMBER(D99),D99-273.15,"-") -> -40.893265
A101: P (bar abs) | B101: =$D$77 -> 5.370225 | D101: 5.370225
A102: Substance | B102: INLET | D102: OUTLET
B103: Aliran 43 | D103: Aliran 44
B104: ṅᵢ (kmol/h) | C104: Ĥᵢ (kJ/kmol) | D104: ṅᵢ (kmol/h) | E104: Ĥᵢ (kJ/kmol)
A105: Cl₂ (l+g / g) | B105: ='NME-7 Kolom HCl'!I19 -> 3.0950187 | C105: ='NME-7 Kolom HCl'!$E$80 -> -21044.746 | D105: =I24 -> 3.0950187 | E105: ='Data Termo'!$W$10+('Data Termo'!$E$10*($D$99-298.15)+'Data Termo'!$F$10/2*($D$99^2-298.15^2)+'Data Termo'!$G$10/3*($D$99^3-298.15^3)+'Data Termo'!$H$10/4*($D$99^4-298.15^4)+'Data Termo'!$I$10/5*($D$99^5-298.15^5)) -> -2188.495
A106: HCl (l+g / g) | B106: ='NME-7 Kolom HCl'!I31 -> 406.47877 | C106: ='NME-7 Kolom HCl'!$E$84 -> -102986.04 | D106: =I36 -> 406.47877 | E106: ='Data Termo'!$W$22+('Data Termo'!$E$22*($D$99-298.15)+'Data Termo'!$F$22/2*($D$99^2-298.15^2)+'Data Termo'!$G$22/3*($D$99^3-298.15^3)+'Data Termo'!$H$22/4*($D$99^4-298.15^4)+'Data Termo'!$I$22/5*($D$99^5-298.15^5)) -> -94215.521
A107: VCM (l+g / g) | B107: ='NME-7 Kolom HCl'!I34 -> 0.040961475 | C107: ='NME-7 Kolom HCl'!$E$85 -> 3828.0506 | D107: =I39 -> 0.040961475 | E107: ='Data Termo'!$W$25+('Data Termo'!$E$25*($D$99-298.15)+'Data Termo'!$F$25/2*($D$99^2-298.15^2)+'Data Termo'!$G$25/3*($D$99^3-298.15^3)+'Data Termo'!$H$25/4*($D$99^4-298.15^4)+'Data Termo'!$I$25/5*($D$99^5-298.15^5)) -> 25073.222
A108: Sub Total ṅᵢĤᵢ (kJ/h) | B108: =SUMPRODUCT(B105:B107,C105:C107) -> -41926618 | D108: =SUMPRODUCT(D105:D107,E105:E107) -> -38302356
A109: Heat of reaction / heat of mixing | B109: -
A110: Q (kJ/h) | B110: =(D108)-(B108) -> 3624262.2
...

Sheet NME-3 Kondensasi-Dekantasi
A3: Neraca Massa dan Energi
A4: NM Blok 3: Kondensasi & Dekantasi EDC Kasar
A5: Tujuan: | B5: Mengembunkan produk R-02 bersama EDC R-01, lalu memisahkan gas, air asam, dan EDC basah
A6: Unjuk Kerja | B6: =3/1000000 -> 3e-06 | C6: Kadar FeCl₃ dalam EDC setelah kontak dengan air asam (fraksi berat)
B7: =2.4/1000 -> 0.0024 | C7: EDC terbawa gas vent (kg/kg EDC R-01 + R-02)
B8: 0.002 | C8: Kadar air dalam fase EDC keluar dekanter (fraksi berat)
B9: 0.0008 | C9: Kadar EDC dalam fase air asam (fraksi berat)
B10: 0.75 | C10: Efisiensi pompa P-101
A12: Basis Perhitungan | B12: ='NME-1 Klorinasi Langsung'!$B$16 -> 6100.5722 | C12: kg/h aliran etilena ke R-01 (NME-1)
A14: Substance | B14: Inlet | J14: Outlet
B15: Aliran 15 | F15: Aliran 18 | J15: Aliran 25 | N15: Aliran 28 | R15: Aliran 29
B16: ẋᵢ | C16: ṁᵢ (kg/h) | D16: ẏᵢ | E16: ṅᵢ (kmol/h) | F16: ẋᵢ | G16: ṁᵢ (kg/h) | H16: ẏᵢ | I16: ṅᵢ (kmol/h) | J16: ẋᵢ | K16: ṁᵢ (kg/h) | L16: ẏᵢ | M16: ṅᵢ (kmol/h) | N16: ẋᵢ | O16: ṁᵢ (kg/h) | P16: ẏᵢ | Q16: ṅᵢ (kmol/h) | R16: ẋᵢ | S16: ṁᵢ (kg/h) | T16: ẏᵢ | U16: ṅᵢ (kmol/h)
A17: C₂H₄ | B17: =C17/C$38 -> 0 | C17: =E17*'Data Komponen'!$D$3 -> 0 | D17: =E17/E$38 -> 0 | E17: ='NME-1 Klorinasi Langsung'!Q21 -> 0 | F17: =G17/G$38 -> 0.00066170751 | G17: =I17*'Data Komponen'!$D$3 -> 28.508389 | H17: =I17/I$38 -> 0.00093556297 | I17: ='NME-2 Oksiklorinasi'!Q20 -> 1.0161969 | J17: =K17/K$38 -> 0.0014629385 | K17: =M17*'Data Komponen'!$D$3 -> 28.508389 | L17: =M17/M$38 -> 0.0014973251 | M17: =E17+I17 -> 1.0161969 | N17: =O17/O$38 -> 0 | O17: =Q17*'Data Komponen'!$D$3 -> 0 | P17: =Q17/Q$38 -> 0 | Q17: =0 -> 0 | R17: =S17/S$38 -> 0 | S17: =U17*'Data Komponen'!$D$3 -> 0 | T17: =U17/U$38 -> 0 | U17: =0 -> 0
A18: CH₄ | B18: =C18/C$38 -> 0 | C18: =E18*'Data Komponen'!$D$4 -> 0 | D18: =E18/E$38 -> 0 | E18: ='NME-1 Klorinasi Langsung'!Q22 -> 0 | F18: =G18/G$38 -> 3.0642114e-05 | G18: =I18*'Data Komponen'!$D$4 -> 1.3201562 | H18: =I18/I$38 -> 7.5759115e-05 | I18: ='NME-2 Oksiklorinasi'!Q21 -> 0.082288614 | J18: =K18/K$38 -> 6.7745232e-05 | K18: =M18*'Data Komponen'!$D$4 -> 1.3201562 | L18: =M18/M$38 -> 0.00012124895 | M18: =E18+I18 -> 0.082288614 | N18: =O18/O$38 -> 0 | O18: =Q18*'Data Komponen'!$D$4 -> 0 | P18: =Q18/Q$38 -> 0 | Q18: =0 -> 0 | R18: =S18/S$38 -> 0 | S18: =U18*'Data Komponen'!$D$4 -> 0 | T18: =U18/U$38 -> 0 | U18: =0 -> 0
A19: C₂H₆ | B19: =C19/C$38 -> 0 | C19: =E19*'Data Komponen'!$D$5 -> 0 | D19: =E19/E$38 -> 0 | E19: ='NME-1 Klorinasi Langsung'!Q23 -> 0 | F19: =G19/G$38 -> 1.6721734e-06 | G19: =I19*'Data Komponen'!$D$5 -> 0.072042359 | H19: =I19/I$38 -> 2.2057163e-06 | I19: ='NME-2 Oksiklorinasi'!Q22 -> 0.0023958217 | J19: =K19/K$38 -> 3.6969309e-06 | K19: =M19*'Data Komponen'!$D$5 -> 0.072042359 | L19: =M19/M$38 -> 3.5301465e-06 | M19: =E19+I19 -> 0.0023958217 | N19: =O19/O$38 -> 0 | O19: =Q19*'Data Komponen'!$D$5 -> 0 | P19: =Q19/Q$38 -> 0 | Q19: =0 -> 0 | R19: =S19/S$38 -> 0 | S19: =U19*'Data Komponen'!$D$5 -> 0 | T19: =U19/U$38 -> 0 | U19: =0 -> 0
A20: C₂H₂ | B20: =C20/C$38 -> 0 | C20: =E20*'Data Komponen'!$D$6 -> 0 | D20: =E20/E$38 -> 0 | E20: ='NME-1 Klorinasi Langsung'!Q24 -> 0 | F20: =G20/G$38 -> 6.4045279e-07 | G20: =I20*'Data Komponen'!$D$6 -> 0.02759267 | H20: =I20/I$38 -> 9.7562125e-07 | I20: ='NME-2 Oksiklorinasi'!Q23 -> 0.0010597077 | J20: =K20/K$38 -> 1.4159474e-06 | K20: =M20*'Data Komponen'!$D$6 -> 0.02759267 | L20: =M20/M$38 -> 1.5614365e-06 | M20: =E20+I20 -> 0.0010597077 | N20: =O20/O$38 -> 0 | O20: =Q20*'Data Komponen'!$D$6 -> 0 | P20: =Q20/Q$38 -> 0 | Q20: =0 -> 0 | R20: =S20/S$38 -> 0 | S20: =U20*'Data Komponen'!$D$6 -> 0 | T20: =U20/U$38 -> 0 | U20: =0 -> 0
A21: Cl₂ | B21: =C21/C$38 -> 0 | C21: =E21*'Data Komponen'!$D$7 -> 0 | D21: =E21/E$38 -> 0 | E21: ='NME-1 Klorinasi Langsung'!Q25 -> 0 | F21: =G21/G$38 -> 0.0050937019 | G21: =I21*'Data Komponen'!$D$7 -> 219.4523 | H21: =I21/I$38 -> 0.0028494328 | I21: ='NME-2 Oksiklorinasi'!Q24 -> 3.0950187 | J21: =K21/K$38 -> 0.01126143 | K21: =M21*'Data Komponen'!$D$7 -> 219.4523 | L21: =M21/M$38 -> 0.004560385 | M21: =E21+I21 -> 3.0950187 | N21: =O21/O$38 -> 0 | O21: =Q21*'Data Komponen'!$D$7 -> 0 | P21: =Q21/Q$38 -> 0 | Q21: =0 -> 0 | R21: =S21/S$38 -> 0 | S21: =U21*'Data Komponen'!$D$7 -> 0 | T21: =U21/U$38 -> 0 | U21: =0 -> 0
A22: CₙHₘ | B22: =C22/C$38 -> 0 | C22: =E22*'Data Komponen'!$D$8 -> 0 | D22: =E22/E$38 -> 0 | E22: ='NME-1 Klorinasi Langsung'!Q26 -> 0 | F22: =G22/G$38 -> 0 | G22: =I22*'Data Komponen'!$D$8 -> 0 | H22: =I22/I$38 -> 0 | I22: ='NME-2 Oksiklorinasi'!Q25 -> 0 | J22: =K22/K$38 -> 0 | K22: =M22*'Data Komponen'!$D$8 -> 0 | L22: =M22/M$38 -> 0 | M22: =E22+I22 -> 0 | N22: =O22/O$38 -> 0 | O22: =Q22*'Data Komponen'!$D$8 -> 0 | P22: =Q22/Q$38 -> 0 | Q22: =0 -> 0 | R22: =S22/S$38 -> 0 | S22: =U22*'Data Komponen'!$D$8 -> 0 | T22: =U22/U$38 -> 0 | U22: =0 -> 0
A23: H₂O | B23: =C23/C$38 -> 8.6289026e-06 | C23: =E23*'Data Komponen'!$D$9 -> 0.18452558 | D23: =E23/E$38 -> 4.7406553e-05 | E23: ='NME-1 Klorinasi Langsung'!Q27 -> 0.010242886 | F23: =G23/G$38 -> 0.084303811 | G23: =I23*'Data Komponen'!$D$9 -> 3632.0667 | H23: =I23/I$38 -> 0.18561569 | I23: ='NME-2 Oksiklorinasi'!Q26 -> 201.61347 | J23: =K23/K$38 -> 0 | K23: =M23*'Data Komponen'!$D$9 -> 0 | L23: =M23/M$38 -> 0 | M23: =0 -> 0 | N23: =O23/O$38 -> 0.94297682 | O23: =Q23*'Data Komponen'!$D$9 -> 3549.819 | P23: =Q23/Q$38 -> 0.971662 | Q23: =E23+I23-U23 -> 197.04796 | R23: =S23/S$38 -> 0.002 | S23: =U23*'Data Komponen'!$D$9 -> 82.432214 | T23: =U23/U$38 -> 0.010874386 | U23: =$B$8/(1-$B$8)*(S31+S32+S25+S26+S35+S37+S34)/'Data Komponen'!$D$9 -> 4.5757543
A24: CₓHᵧCl | B24: =C24/C$38 -> 0 | C24: =E24*'Data Komponen'!$D$10 -> 0 | D24: =E24/E$38 -> 0 | E24: ='NME-1 Klorinasi Langsung'!Q28 -> 0 | F24: =G24/G$38 -> 0 | G24: =I24*'Data Komponen'!$D$10 -> 0 | H24: =I24/I$38 -> 0 | I24: ='NME-2 Oksiklorinasi'!Q27 -> 0 | J24: =K24/K$38 -> 0 | K24: =M24*'Data Komponen'!$D$10 -> 0 | L24: =M24/M$38 -> 0 | M24: =E24+I24 -> 0 | N24: =O24/O$38 -> 0 | O24: =Q24*'Data Komponen'!$D$10 -> 0 | P24: =Q24/Q$38 -> 0 | Q24: =0 -> 0 | R24: =S24/S$38 -> 0 | S24: =U24*'Data Komponen'!$D$10 -> 0 | T24: =U24/U$38 -> 0 | U24: =0 -> 0
A25: Br₂ | B25: =C25/C$38 -> 6.4716769e-05 | C25: =E25*'Data Komponen'!$D$11 -> 1.3839419 | D25: =E25/E$38 -> 4.0080709e-05 | E25: ='NME-1 Klorinasi Langsung'!Q29 -> 0.0086600287 | F25: =G25/G$38 -> 0 | G25: =I25*'Data Komponen'!$D$11 -> 0 | H25: =I25/I$38 -> 0 | I25: ='NME-2 Oksiklorinasi'!Q28 -> 0 | J25: =K25/K$38 -> 0 | K25: =M25*'Data Komponen'!$D$11 -> 0 | L25: =M25/M$38 -> 0 | M25: =0 -> 0 | N25: =O25/O$38 -> 0 | O25: =Q25*'Data Komponen'!$D$11 -> 0 | P25: =Q25/Q$38 -> 0 | Q25: =0 -> 0 | R25: =S25/S$38 -> 3.3577695e-05 | S25: =U25*'Data Komponen'!$D$11 -> 1.3839419 | T25: =U25/U$38 -> 2.0580759e-05 | U25: =E25+I25 -> 0.0086600287
A26: NCl₃ | B26: =C26/C$38 -> 3.5953761e-06 | C26: =E26*'Data Komponen'!$D$12 -> 0.076885659 | D26: =E26/E$38 -> 2.9563863e-06 | E26: ='NME-1 Klorinasi Langsung'!Q30 -> 0.0006387709 | F26: =G26/G$38 -> 0 | G26: =I26*'Data Komponen'!$D$12 -> 0 | H26: =I26/I$38 -> 0 | I26: ='NME-2 Oksiklorinasi'!Q29 -> 0 | J26: =K26/K$38 -> 0 | K26: =M26*'Data Komponen'!$D$12 -> 0 | L26: =M26/M$38 -> 0 | M26: =0 -> 0 | N26: =O26/O$38 -> 0 | O26: =Q26*'Data Komponen'!$D$12 -> 0 | P26: =Q26/Q$38 -> 0 | Q26: =0 -> 0 | R26: =S26/S$38 -> 1.8654275e-06 | S26: =U26*'Data Komponen'!$D$12 -> 0.076885659 | T26: =U26/U$38 -> 1.5180539e-06 | U26: =E26+I26 -> 0.0006387709
A27: H₂ | B27: =C27/C$38 -> 0 | C27: =E27*'Data Komponen'!$D$13 -> 0 | D27: =E27/E$38 -> 0 | E27: ='NME-1 Klorinasi Langsung'!Q31 -> 0 | F27: =G27/G$38 -> 0 | G27: =I27*'Data Komponen'!$D$13 -> 0 | H27: =I27/I$38 -> 0 | I27: ='NME-2 Oksiklorinasi'!Q30 -> 0 | J27: =K27/K$38 -> 0 | K27: =M27*'Data Komponen'!$D$13 -> 0 | L27: =M27/M$38 -> 0 | M27: =E27+I27 -> 0 | N27: =O27/O$38 -> 0 | O27: =Q27*'Data Komponen'!$D$13 -> 0 | P27: =Q27/Q$38 -> 0 | Q27: =0 -> 0 | R27: =S27/S$38 -> 0 | S27: =U27*'Data Komponen'!$D$13 -> 0 | T27: =U27/U$38 -> 0 | U27: =0 -> 0
A28: O₂ | B28: =C28/C$38 -> 0 | C28: =E28*'Data Komponen'!$D$14 -> 0 | D28: =E28/E$38 -> 0 | E28: ='NME-1 Klorinasi Langsung'!Q32 -> 0 | F28: =G28/G$38 -> 0.044379766 | G28: =I28*'Data Komponen'!$D$14 -> 1912.0164 | H28: =I28/I$38 -> 0.055011103 | I28: ='NME-2 Oksiklorinasi'!Q31 -> 59.75238 | J28: =K28/K$38 -> 0.098117171 | K28: =M28*'Data Komponen'!$D$14 -> 1912.0164 | L28: =M28/M$38 -> 0.088042717 | M28: =E28+I28 -> 59.75238 | N28: =O28/O$38 -> 0 | O28: =Q28*'Data Komponen'!$D$14 -> 0 | P28: =Q28/Q$38 -> 0 | Q28: =0 -> 0 | R28: =S28/S$38 -> 0 | S28: =U28*'Data Komponen'!$D$14 -> 0 | T28: =U28/U$38 -> 0 | U28: =0 -> 0
A29: N₂ | B29: =C29/C$38 -> 0 | C29: =E29*'Data Komponen'!$D$15 -> 0 | D29: =E29/E$38 -> 0 | E29: ='NME-1 Klorinasi Langsung'!Q33 -> 0 | F29: =G29/G$38 -> 0.39771702 | G29: =I29*'Data Komponen'!$D$15 -> 17134.869 | H29: =I29/I$38 -> 0.56311981 | I29: ='NME-2 Oksiklorinasi'!Q32 -> 611.65377 | J29: =K29/K$38 -> 0.87929416 | K29: =M29*'Data Komponen'!$D$15 -> 17134.869 | L29: =M29/M$38 -> 0.90124712 | M29: =E29+I29 -> 611.65377 | N29: =O29/O$38 -> 0 | O29: =Q29*'Data Komponen'!$D$15 -> 0 | P29: =Q29/Q$38 -> 0 | Q29: =0 -> 0 | R29: =S29/S$38 -> 0 | S29: =U29*'Data Komponen'!$D$15 -> 0 | T29: =U29/U$38 -> 0 | U29: =0 -> 0
A30: CO₂ | B30: =C30/C$38 -> 0 | C30: =E30*'Data Komponen'!$D$16 -> 0 | D30: =E30/E$38 -> 0 | E30: ='NME-1 Klorinasi Langsung'!Q34 -> 0 | F30: =G30/G$38 -> 0.0020761209 | G30: =I30*'Data Komponen'!$D$16 -> 89.445654 | H30: =I30/I$38 -> 0.0018711259 | I30: ='NME-2 Oksiklorinasi'!Q33 -> 2.0323939 | J30: =K30/K$38 -> 0.0045899996 | K30: =M30*'Data Komponen'!$D$16 -> 89.445654 | L30: =M30/M$38 -> 0.0029946502 | M30: =E30+I30 -> 2.0323939 | N30: =O30/O$38 -> 0 | O30: =Q30*'Data Komponen'!$D$16 -> 0 | P30: =Q30/Q$38 -> 0 | Q30: =0 -> 0 | R30: =S30/S$38 -> 0 | S30: =U30*'Data Komponen'!$D$16 -> 0 | T30: =U30/U$38 -> 0 | U30: =0 -> 0
A31: EDC | B31: =C31/C$38 -> 0.9994221 | C31: =E31*'Data Komponen'!$D$17 -> 21372.236 | D31: =E31/E$38 -> 0.99956429 | E31: ='NME-1 Klorinasi Langsung'!Q35 -> 215.97062 | F31: =G31/G$38 -> 0.45842475 | G31: =I31*'Data Komponen'!$D$17 -> 19750.344 | H31: =I31/I$38 -> 0.18374457 | I31: ='NME-2 Oksiklorinasi'!Q34 -> 199.58108 | J31: =K31/K$38 -> 0.005070074 | K31: =M31*'Data Komponen'!$D$17 -> 98.800897 | L31: =M31/M$38 -> 0.0014711055 | M31: =$B$7*('NME-1 Klorinasi Langsung'!Q35+'NME-1 Klorinasi Langsung'!U35+'NME-2 Oksiklorinasi'!Q34) -> 0.99840234 | N31: =O31/O$38 -> 0.0008 | O31: =Q31*'Data Komponen'!$D$17 -> 3.0115854 | P31: =Q31/Q$38 -> 0.00015006629 | Q31: =$B$9/(1-$B$9)*(O33+O23+O34)/'Data Komponen'!$D$17 -> 0.030432658 | R31: =S31/S$38 -> 0.99526061 | S31: =U31*'Data Komponen'!$D$17 -> 41020.768 | T31: =U31/U$38 -> 0.98512319 | U31: =E31+I31-M31-Q31 -> 414.52286
A32: TCE | B32: =C32/C$38 -> 0.00030054052 | C32: =E32*'Data Komponen'!$D$18 -> 6.4269371 | D32: =E32/E$38 -> 0.00022297415 | E32: ='NME-1 Klorinasi Langsung'!Q36 -> 0.048176856 | F32: =G32/G$38 -> 0 | G32: =I32*'Data Komponen'!$D$18 -> 0 | H32: =I32/I$38 -> 0 | I32: ='NME-2 Oksiklorinasi'!Q35 -> 0 | J32: =K32/K$38 -> 0 | K32: =M32*'Data Komponen'!$D$18 -> 0 | L32: =M32/M$38 -> 0 | M32: =0 -> 0 | N32: =O32/O$38 -> 0 | O32: =Q32*'Data Komponen'!$D$18 -> 0 | P32: =Q32/Q$38 -> 0 | Q32: =0 -> 0 | R32: =S32/S$38 -> 0.00015593266 | S32: =U32*'Data Komponen'!$D$18 -> 6.4269371 | T32: =U32/U$38 -> 0.00011449342 | U32: =E32+I32 -> 0.048176856
A33: HCl | B33: =C33/C$38 -> 0 | C33: =E33*'Data Komponen'!$D$19 -> 0 | D33: =E33/E$38 -> 0 | E33: ='NME-1 Klorinasi Langsung'!Q37 -> 0 | F33: =G33/G$38 -> 0.0048160155 | G33: =I33*'Data Komponen'!$D$19 -> 207.48872 | H33: =I33/I$38 -> 0.0052391526 | I33: ='NME-2 Oksiklorinasi'!Q36 -> 5.6907028 | J33: =K33/K$38 -> 0 | K33: =M33*'Data Komponen'!$D$19 -> 0 | L33: =M33/M$38 -> 0 | M33: =0 -> 0 | N33: =O33/O$38 -> 0.055117472 | O33: =Q33*'Data Komponen'!$D$19 -> 207.48872 | P33: =Q33/Q$38 -> 0.02806139 | Q33: =E33+I33 -> 5.6907028 | R33: =S33/S$38 -> 0 | S33: =U33*'Data Komponen'!$D$19 -> 0 | T33: =U33/U$38 -> 0 | U33: =0 -> 0
A34: FeCl₃ | B34: =C34/C$38 -> 0.00020041582 | C34: =E34*'Data Komponen'!$D$20 -> 4.285811 | D34: =E34/E$38 -> 0.00012228903 | E34: ='NME-1 Klorinasi Langsung'!Q38 -> 0.026422351 | F34: =G34/G$38 -> 0 | G34: =I34*'Data Komponen'!$D$20 -> 0 | H34: =I34/I$38 -> 0 | I34: ='NME-2 Oksiklorinasi'!Q37 -> 0 | J34: =K34/K$38 -> 0 | K34: =M34*'Data Komponen'!$D$20 -> 0 | L34: =M34/M$38 -> 0 | M34: =0 -> 0 | N34: =O34/O$38 -> 0.001105706 | O34: =Q34*'Data Komponen'!$D$20 -> 4.1624099 | P34: =Q34/Q$38 -> 0.00012653963 | Q34: =E34+I34-U34 -> 0.025661574 | R34: =S34/S$38 -> 2.994e-06 | S34: =U34*'Data Komponen'!$D$20 -> 0.12340102 | T34: =U34/U$38 -> 1.8080035e-06 | U34: =$B$6/(1-$B$6)*(S31+S32+S25+S26+S35+S37)/'Data Komponen'!$D$20 -> 0.0007607767
A35: C₂H₅Cl | B35: =C35/C$38 -> 0 | C35: =E35*'Data Komponen'!$D$21 -> 0 | D35: =E35/E$38 -> 0 | E35: ='NME-1 Klorinasi Langsung'!Q39 -> 0 | F35: =G35/G$38 -> 0.0024347364 | G35: =I35*'Data Komponen'!$D$21 -> 104.89591 | H35: =I35/I$38 -> 0.0014969008 | I35: ='NME-2 Oksiklorinasi'!Q38 -> 1.6259151 | J35: =K35/K$38 -> 0 | K35: =M35*'Data Komponen'!$D$21 -> 0 | L35: =M35/M$38 -> 0 | M35: =0 -> 0 | N35: =O35/O$38 -> 0 | O35: =Q35*'Data Komponen'!$D$21 -> 0 | P35: =Q35/Q$38 -> 0 | Q35: =0 -> 0 | R35: =S35/S$38 -> 0.0025450223 | S35: =U35*'Data Komponen'!$D$21 -> 104.89591 | T35: =U35/U$38 -> 0.0038640249 | U35: =E35+I35 -> 1.6259151
A36: VCM | B36: =C36/C$38 -> 0 | C36: =E36*'Data Komponen'!$D$22 -> 0 | D36: =E36/E$38 -> 0 | E36: ='NME-1 Klorinasi Langsung'!Q40 -> 0 | F36: =G36/G$38 -> 5.9420336e-05 | G36: =I36*'Data Komponen'!$D$22 -> 2.5600103 | H36: =I36/I$38 -> 3.7711233e-05 | I36: ='NME-2 Oksiklorinasi'!Q39 -> 0.040961475 | J36: =K36/K$38 -> 0.00013136967 | K36: =M36*'Data Komponen'!$D$22 -> 2.5600103 | L36: =M36/M$38 -> 6.0355079e-05 | M36: =E36+I36 -> 0.040961475 | N36: =O36/O$38 -> 0 | O36: =Q36*'Data Komponen'!$D$22 -> 0 | P36: =Q36/Q$38 -> 0 | Q36: =0 -> 0 | R36: =S36/S$38 -> 0 | S36: =U36*'Data Komponen'!$D$22 -> 0 | T36: =U36/U$38 -> 0 | U36: =0 -> 0
A37: C₄H₈Cl₂ (berat) | B37: =C37/C$38 -> 0 | C37: =E37*'Data Komponen'!$D$23 -> 0 | D37: =E37/E$38 -> 0 | E37: ='NME-1 Klorinasi Langsung'!Q41 -> 0 | F37: =G37/G$38 -> 0 | G37: =I37*'Data Komponen'!$D$23 -> 0 | H37: =I37/I$38 -> 0 | I37: ='NME-2 Oksiklorinasi'!Q40 -> 0 | J37: =K37/K$38 -> 0 | K37: =M37*'Data Komponen'!$D$23 -> 0 | L37: =M37/M$38 -> 0 | M37: =0 -> 0 | N37: =O37/O$38 -> 0 | O37: =Q37*'Data Komponen'!$D$23 -> 0 | P37: =Q37/Q$38 -> 0 | Q37: =0 -> 0 | R37: =S37/S$38 -> 0 | S37: =U37*'Data Komponen'!$D$23 -> 0 | T37: =U37/U$38 -> 0 | U37: =E37+I37 -> 0
A38: Sub Total | B38: =SUM(B17:B37) -> 1 | C38: =SUM(C17:C37) -> 21384.594 | D38: =SUM(D17:D37) -> 1 | E38: =SUM(E17:E37) -> 216.06476 | F38: =SUM(F17:F37) -> 1 | G38: =SUM(G17:G37) -> 43083.066 | H38: =SUM(H17:H37) -> 1 | I38: =SUM(I17:I37) -> 1086.1876 | ... U38: =SUM(U17:U37) -> 420.78277
A39: TOTAL MASSA | B39: =C38+G38 -> 64467.661 | J39: =K38+O38+S38 -> 64467.661
A40: Selisih (Inlet − Outlet), kg/h | B40: =B39-J39 -> -1.7462298e-10
A43: Neraca Energi P-101: Pompa EDC dari R-01
A44: Reference state: unsur pada 25 °C dan 1 atm (metode panas pembentukan)
A45: No. aliran PFD | B45: 14 | D45: 15
A46: Dari | B46: R-01 | D46: P-101
A47: Ke | B47: P-101 | D47: M-101
A48: T (K) | B48: ='NME-1 Klorinasi Langsung'!$J$218 -> 338.15 | D48: =IFERROR(IF(D48<100,$B$48,D48+(B64-D60)/(SUM(D54:D59)*('Data Termo'!$J$20+'Data Termo'!$K$20*D48+'Data Termo'!$L$20*D48^2+'Data Termo'!$M$20*D48^3))),$B$48) -> 338.50947
A49: T (°C) | B49: ='NME-1 Klorinasi Langsung'!$J$219 -> 65 | D49: =IF(ISNUMBER(D48),D48-273.15,"-") -> 65.35947
A50: P (bar abs) | B50: ='NME-1 Klorinasi Langsung'!$J$220 -> 1.01325 | D50: 5.370225
A51: Substance | B51: INLET | D51: OUTLET
B52: Aliran 14 | D52: Aliran 15
B53: ṅᵢ (kmol/h) | C53: Ĥᵢ (kJ/kmol) | D53: ṅᵢ (kmol/h) | E53: Ĥᵢ (kJ/kmol)
A54: H₂O (l) | B54: ='NME-1 Klorinasi Langsung'!Q27 -> 0.010242886 | C54: ='Data Termo'!$X$12+('Data Termo'!$J$12*($B$48-298.15)+'Data Termo'!$K$12/2*($B$48^2-298.15^2)+'Data Termo'!$L$12/3*($B$48^3-298.15^3)+'Data Termo'!$M$12/4*($B$48^4-298.15^4)) -> -281483.37 | D54: =E23 -> 0.010242886 | E54: ='Data Termo'!$X$12+('Data Termo'!$J$12*($D$48-298.15)+'Data Termo'!$K$12/2*($D$48^2-298.15^2)+'Data Termo'!$L$12/3*($D$48^3-298.15^3)+'Data Termo'!$M$12/4*($D$48^4-298.15^4)) -> -281456.38
A55: Br₂ (l) | B55: ='NME-1 Klorinasi Langsung'!Q29 -> 0.0086600287 | C55: ='Data Termo'!$X$14+('Data Termo'!$J$14*($B$48-298.15)+'Data Termo'!$K$14/2*($B$48^2-298.15^2)+'Data Termo'!$L$14/3*($B$48^3-298.15^3)+'Data Termo'!$M$14/4*($B$48^4-298.15^4)) -> 2519.5019 | D55: =E25 -> 0.0086600287 | E55: ='Data Termo'!$X$14+('Data Termo'!$J$14*($D$48-298.15)+'Data Termo'!$K$14/2*($D$48^2-298.15^2)+'Data Termo'!$L$14/3*($D$48^3-298.15^3)+'Data Termo'!$M$14/4*($D$48^4-298.15^4)) -> 2547.5952
A56: NCl₃ (l) | B56: ='NME-1 Klorinasi Langsung'!Q30 -> 0.0006387709 | C56: ='Data Termo'!$X$15+('Data Termo'!$J$15*($B$48-298.15)+'Data Termo'!$K$15/2*($B$48^2-298.15^2)+'Data Termo'!$L$15/3*($B$48^3-298.15^3)+'Data Termo'!$M$15/4*($B$48^4-298.15^4)) -> 234153.32 | D56: =E26 -> 0.0006387709 | E56: ='Data Termo'!$X$15+('Data Termo'!$J$15*($D$48-298.15)+'Data Termo'!$K$15/2*($D$48^2-298.15^2)+'Data Termo'!$L$15/3*($D$48^3-298.15^3)+'Data Termo'!$M$15/4*($D$48^4-298.15^4)) -> 234191.06
A57: EDC (l) | B57: ='NME-1 Klorinasi Langsung'!Q35 -> 215.97062 | C57: ='Data Termo'!$X$20+('Data Termo'!$J$20*($B$48-298.15)+'Data Termo'!$K$20/2*($B$48^2-298.15^2)+'Data Termo'!$L$20/3*($B$48^3-298.15^3)+'Data Termo'!$M$20/4*($B$48^4-298.15^4)) -> -159481.33 | D57: =E31 -> 215.97062 | E57: ='Data Termo'!$X$20+('Data Termo'!$J$20*($D$48-298.15)+'Data Termo'!$K$20/2*($D$48^2-298.15^2)+'Data Termo'!$L$20/3*($D$48^3-298.15^3)+'Data Termo'!$M$20/4*($D$48^4-298.15^4)) -> -159432.85
A58: TCE (l) | B58: ='NME-1 Klorinasi Langsung'!Q36 -> 0.048176856 | C58: ='Data Termo'!$X$21+('Data Termo'!$J$21*($B$48-298.15)+'Data Termo'!$K$21/2*($B$48^2-298.15^2)+'Data Termo'!$L$21/3*($B$48^3-298.15^3)+'Data Termo'!$M$21/4*($B$48^4-298.15^4)) -> -170626.9 | D58: =E32 -> 0.048176856 | E58: ='Data Termo'!$X$21+('Data Termo'!$J$21*($D$48-298.15)+'Data Termo'!$K$21/2*($D$48^2-298.15^2)+'Data Termo'!$L$21/3*($D$48^3-298.15^3)+'Data Termo'!$M$21/4*($D$48^4-298.15^4)) -> -170569.97
A59: FeCl₃ (s) | B59: ='NME-1 Klorinasi Langsung'!Q38 -> 0.026422351 | C59: ='Data Termo'!$T$23*1000+('Data Termo'!$N$23*($B$48-298.15)+'Data Termo'!$O$23/2*($B$48^2-298.15^2)+'Data Termo'!$P$23/3*($B$48^3-298.15^3)) -> -395495.88 | D59: =E34 -> 0.026422351 | E59: ='Data Termo'!$T$23*1000+('Data Termo'!$N$23*($D$48-298.15)+'Data Termo'!$O$23/2*($D$48^2-298.15^2)+'Data Termo'!$P$23/3*($D$48^3-298.15^3)) -> -395458.93
A60: Sub Total ṅᵢĤᵢ (kJ/h) | B60: =SUMPRODUCT(B54:B59,C54:C59) -> -34464664 | D60: =SUMPRODUCT(D54:D59,E54:E59) -> -34454188
A61: Heat of reaction / heat of mixing | B61: -
A62: Q (kJ/h) | B62: 0
A63: W (kJ/h) | B63: ='NME-1 Klorinasi Langsung'!O42/(1000*'Data Termo'!$D$33*'Data Termo'!$D$34^(-((1-$B$48/'Data Termo'!$D$36)^'Data Termo'!$D$35)))*MAX(0,($D$50-$B$50)*100)/$B$10 -> 10476.142
A64: TOTAL (kJ/h) | B64: =B60+$B$62+$B$63 -> -34454188 | D64: =D60 -> -34454188
A65: Selisih masuk − keluar (kJ/h) | B65: =B64-D64 -> 0
A66: Q (kW) | B66: =$B$62/3600 -> 0
A67: W (kW) | B67: =$B$63/3600 -> 2.9100395
A70: Neraca Energi Blok 3: Q-201, E-104, M-101, D-101, E-105, P-105 (satu volume kontrol)
A71: Reference state: unsur pada 25 °C dan 1 atm (metode panas pembentukan)
A72: No. aliran PFD | B72: 15 | D72: 18 | F72: 25 | H72: 28 | J72: 29
A73: Dari | B73: P-101 | D73: R-02 | F73: E-105 | H73: P-105 | J73: D-101
A74: Ke | B74: M-101 | D74: Q-201 | F74: UPL | H74: UPL | J74: P-102
A75: T (K) | B75: =$D$48 -> 338.50947 | D75: ='NME-2 Oksiklorinasi'!$H$123 -> 498.15 | F75: =F76+273.15 -> 248.15 | H75: =H76+273.15 -> 308.15 | J75: =J76+273.15 -> 308.15
A76: T (°C) | B76: =$D$49 -> 65.35947 | D76: ='NME-2 Oksiklorinasi'!$H$124 -> 225 | F76: -25 | H76: 35 | J76: 35
A77: P (bar abs) | B77: =$D$50 -> 5.370225 | D77: ='NME-2 Oksiklorinasi'!$H$125 -> 5.370225 | F77: 5.370225 | H77: 5.370225 | J77: 5.370225
A78: Substance | B78: INLET | F78: OUTLET
B79: Aliran 15 | D79: Aliran 18 | F79: Aliran 25 | H79: Aliran 28 | J79: Aliran 29
B80: ṅᵢ (kmol/h) | C80: Ĥᵢ (kJ/kmol) | D80: ṅᵢ (kmol/h) | E80: Ĥᵢ (kJ/kmol) | F80: ṅᵢ (kmol/h) | G80: Ĥᵢ (kJ/kmol) | H80: ṅᵢ (kmol/h) | I80: Ĥᵢ (kJ/kmol) | J80: ṅᵢ (kmol/h) | K80: Ĥᵢ (kJ/kmol)
A81: C₂H₄ (g) | B81: =E17 -> 0 | C81: ='Data Termo'!$W$6+('Data Termo'!$E$6*($B$75-298.15)+'Data Termo'!$F$6/2*($B$75^2-298.15^2)+'Data Termo'!$G$6/3*($B$75^3-298.15^3)+'Data Termo'!$H$6/4*($B$75^4-298.15^4)+'Data Termo'!$I$6/5*($B$75^5-298.15^5)) -> 54136.739 | D81: ='NME-2 Oksiklorinasi'!Q20 -> 1.0161969 | E81: ='Data Termo'!$W$6+('Data Termo'!$E$6*($D$75-298.15)+'Data Termo'!$F$6/2*($D$75^2-298.15^2)+'Data Termo'!$G$6/3*($D$75^3-298.15^3)+'Data Termo'!$H$6/4*($D$75^4-298.15^4)+'Data Termo'!$I$6/5*($D$75^5-298.15^5)) -> 62752.709 | F81: =M17 -> 1.0161969 | G81: ='Data Termo'!$W$6+('Data Termo'!$E$6*($F$75-298.15)+'Data Termo'!$F$6/2*($F$75^2-298.15^2)+'Data Termo'!$G$6/3*($F$75^3-298.15^3)+'Data Termo'!$H$6/4*($F$75^4-298.15^4)+'Data Termo'!$I$6/5*($F$75^5-298.15^5)) -> 50196.5 | H81: =Q17 -> 0 | I81: ='Data Termo'!$W$6+('Data Termo'!$E$6*($H$75-298.15)+'Data Termo'!$F$6/2*($H$75^2-298.15^2)+'Data Termo'!$G$6/3*($H$75^3-298.15^3)+'Data Termo'!$H$6/4*($H$75^4-298.15^4)+'Data Termo'!$I$6/5*($H$75^5-298.15^5)) -> 52743.104 | J81: =U17 -> 0 | K81: ='Data Termo'!$W$6+('Data Termo'!$E$6*($J$75-298.15)+'Data Termo'!$F$6/2*($J$75^2-298.15^2)+'Data Termo'!$G$6/3*($J$75^3-298.15^3)+'Data Termo'!$H$6/4*($J$75^4-298.15^4)+'Data Termo'!$I$6/5*($J$75^5-298.15^5)) -> 52743.104
A82: CH₄ (g) | B82: =E18 -> 0 | C82: ='Data Termo'!$W$7+('Data Termo'!$E$7*($B$75-298.15)+'Data Termo'!$F$7/2*($B$75^2-298.15^2)+'Data Termo'!$G$7/3*($B$75^3-298.15^3)+'Data Termo'!$H$7/4*($B$75^4-298.15^4)+'Data Termo'!$I$7/5*($B$75^5-298.15^5)) -> -73351.081 | D82: ='NME-2 Oksiklorinasi'!Q21 -> 0.082288614 | E82: ='Data Termo'!$W$7+('Data Termo'!$E$7*($D$75-298.15)+'Data Termo'!$F$7/2*($D$75^2-298.15^2)+'Data Termo'!$G$7/3*($D$75^3-298.15^3)+'Data Termo'!$H$7/4*($D$75^4-298.15^4)+'Data Termo'!$I$7/5*($D$75^5-298.15^5)) -> -66664.13 | F82: =M18 -> 0.082288614 | G82: ='Data Termo'!$W$7+('Data Termo'!$E$7*($F$75-298.15)+'Data Termo'!$F$7/2*($F$75^2-298.15^2)+'Data Termo'!$G$7/3*($F$75^3-298.15^3)+'Data Termo'!$H$7/4*($F$75^4-298.15^4)+'Data Termo'!$I$7/5*($F$75^5-298.15^5)) -> -76622.938 | H82: =Q18 -> 0 | I82: ='Data Termo'!$W$7+('Data Termo'!$E$7*($H$75-298.15)+'Data Termo'!$F$7/2*($H$75^2-298.15^2)+'Data Termo'!$G$7/3*($H$75^3-298.15^3)+'Data Termo'!$H$7/4*($H$75^4-298.15^4)+'Data Termo'!$I$7/5*($H$75^5-298.15^5)) -> -74484.715 | J82: =U18 -> 0 | K82: ='Data Termo'!$W$7+('Data Termo'!$E$7*($J$75-298.15)+'Data Termo'!$F$7/2*($J$75^2-298.15^2)+'Data Termo'!$G$7/3*($J$75^3-298.15^3)+'Data Termo'!$H$7/4*($J$75^4-298.15^4)+'Data Termo'!$I$7/5*($J$75^5-298.15^5)) -> -74484.715
A83: C₂H₆ (g) | B83: =E19 -> 0 | C83: ='Data Termo'!$W$8+('Data Termo'!$E$8*($B$75-298.15)+'Data Termo'!$F$8/2*($B$75^2-298.15^2)+'Data Termo'!$G$8/3*($B$75^3-298.15^3)+'Data Termo'!$H$8/4*($B$75^4-298.15^4)+'Data Termo'!$I$8/5*($B$75^5-298.15^5)) -> -82437.104 | D83: ='NME-2 Oksiklorinasi'!Q22 -> 0.0023958217 | E83: ='Data Termo'!$W$8+('Data Termo'!$E$8*($D$75-298.15)+'Data Termo'!$F$8/2*($D$75^2-298.15^2)+'Data Termo'!$G$8/3*($D$75^3-298.15^3)+'Data Termo'!$H$8/4*($D$75^4-298.15^4)+'Data Termo'!$I$8/5*($D$75^5-298.15^5)) -> -71716.582 | F83: =M19 -> 0.0023958217 | G83: ='Data Termo'!$W$8+('Data Termo'!$E$8*($F$75-298.15)+'Data Termo'!$F$8/2*($F$75^2-298.15^2)+'Data Termo'!$G$8/3*($F$75^3-298.15^3)+'Data Termo'!$H$8/4*($F$75^4-298.15^4)+'Data Termo'!$I$8/5*($F$75^5-298.15^5)) -> -87208.464 | H83: =Q19 -> 0 | I83: ='Data Termo'!$W$8+('Data Termo'!$E$8*($H$75-298.15)+'Data Termo'!$F$8/2*($H$75^2-298.15^2)+'Data Termo'!$G$8/3*($H$75^3-298.15^3)+'Data Termo'!$H$8/4*($H$75^4-298.15^4)+'Data Termo'!$I$8/5*($H$75^5-298.15^5)) -> -84141.369 | J83: =U19 -> 0 | K83: ='Data Termo'!$W$8+('Data Termo'!$E$8*($J$75-298.15)+'Data Termo'!$F$8/2*($J$75^2-298.15^2)+'Data Termo'!$G$8/3*($J$75^3-298.15^3)+'Data Termo'!$H$8/4*($J$75^4-298.15^4)+'Data Termo'!$I$8/5*($J$75^5-298.15^5)) -> -84141.369
A84: C₂H₂ (g) | B84: =E20 -> 0 | C84: ='Data Termo'!$W$9+('Data Termo'!$E$9*($B$75-298.15)+'Data Termo'!$F$9/2*($B$75^2-298.15^2)+'Data Termo'!$G$9/3*($B$75^3-298.15^3)+'Data Termo'!$H$9/4*($B$75^4-298.15^4)+'Data Termo'!$I$9/5*($B$75^5-298.15^5)) -> 228572.2 | D84: ='NME-2 Oksiklorinasi'!Q23 -> 0.0010597077 | E84: ='Data Termo'!$W$9+('Data Termo'!$E$9*($D$75-298.15)+'Data Termo'!$F$9/2*($D$75^2-298.15^2)+'Data Termo'!$G$9/3*($D$75^3-298.15^3)+'Data Termo'!$H$9/4*($D$75^4-298.15^4)+'Data Termo'!$I$9/5*($D$75^5-298.15^5)) -> 236646.15 | F84: =M20 -> 0.0010597077 | G84: ='Data Termo'!$W$9+('Data Termo'!$E$9*($F$75-298.15)+'Data Termo'!$F$9/2*($F$75^2-298.15^2)+'Data Termo'!$G$9/3*($F$75^3-298.15^3)+'Data Termo'!$H$9/4*($F$75^4-298.15^4)+'Data Termo'!$I$9/5*($F$75^5-298.15^5)) -> 224582.03 | H84: =Q20 -> 0 | I84: ='Data Termo'!$W$9+('Data Termo'!$E$9*($H$75-298.15)+'Data Termo'!$F$9/2*($H$75^2-298.15^2)+'Data Termo'!$G$9/3*($H$75^3-298.15^3)+'Data Termo'!$H$9/4*($H$75^4-298.15^4)+'Data Termo'!$I$9/5*($H$75^5-298.15^5)) -> 227177.84 | J84: =U20 -> 0 | K84: ='Data Termo'!$W$9+('Data Termo'!$E$9*($J$75-298.15)+'Data Termo'!$F$9/2*($J$75^2-298.15^2)+'Data Termo'!$G$9/3*($J$75^3-298.15^3)+'Data Termo'!$H$9/4*($J$75^4-298.15^4)+'Data Termo'!$I$9/5*($J$75^5-298.15^5)) -> 227177.84
A85: Cl₂ (l / g / g / l / l) | B85: =E21 -> 0 | C85: ='Data Termo'!$X$10+('Data Termo'!$J$10*($B$75-298.15)+'Data Termo'!$K$10/2*($B$75^2-298.15^2)+'Data Termo'!$L$10/3*($B$75^3-298.15^3)+'Data Termo'!$M$10/4*($B$75^4-298.15^4)) -> -14090.595 | D85: ='NME-2 Oksiklorinasi'!Q24 -> 3.0950187 | E85: ='Data Termo'!$W$10+('Data Termo'!$E$10*($D$75-298.15)+'Data Termo'!$F$10/2*($D$75^2-298.15^2)+'Data Termo'!$G$10/3*($D$75^3-298.15^3)+'Data Termo'!$H$10/4*($D$75^4-298.15^4)+'Data Termo'!$I$10/5*($D$75^5-298.15^5)) -> 6984.6249 | F85: =M21 -> 3.0950187 | G85: ='Data Termo'!$W$10+('Data Termo'!$E$10*($F$75-298.15)+'Data Termo'!$F$10/2*($F$75^2-298.15^2)+'Data Termo'!$G$10/3*($F$75^3-298.15^3)+'Data Termo'!$H$10/4*($F$75^4-298.15^4)+'Data Termo'!$I$10/5*($F$75^5-298.15^5)) -> -1667.0565 | H85: =Q21 -> 0 | I85: ='Data Termo'!$X$10+('Data Termo'!$J$10*($H$75-298.15)+'Data Termo'!$K$10/2*($H$75^2-298.15^2)+'Data Termo'!$L$10/3*($H$75^3-298.15^3)+'Data Termo'!$M$10/4*($H$75^4-298.15^4)) -> -16518.349 | J85: =U21 -> 0 | K85: ='Data Termo'!$X$10+('Data Termo'!$J$10*($J$75-298.15)+'Data Termo'!$K$10/2*($J$75^2-298.15^2)+'Data Termo'!$L$10/3*($J$75^3-298.15^3)+'Data Termo'!$M$10/4*($J$75^4-298.15^4)) -> -16518.349
A86: H₂O (l / g / g / l / l) | B86: =E23 -> 0.010242886 | C86: ='Data Termo'!$X$12+('Data Termo'!$J$12*($B$75-298.15)+'Data Termo'!$K$12/2*($B$75^2-298.15^2)+'Data Termo'!$L$12/3*($B$75^3-298.15^3)+'Data Termo'!$M$12/4*($B$75^4-298.15^4)) -> -281456.38 | D86: ='NME-2 Oksiklorinasi'!Q26 -> 201.61347 | E86: ='Data Termo'!$W$12+('Data Termo'!$E$12*($D$75-298.15)+'Data Termo'!$F$12/2*($D$75^2-298.15^2)+'Data Termo'!$G$12/3*($D$75^3-298.15^3)+'Data Termo'!$H$12/4*($D$75^4-298.15^4)+'Data Termo'!$I$12/5*($D$75^5-298.15^5)) -> -234933.96 | F86: =M23 -> 0 | G86: ='Data Termo'!$W$12+('Data Termo'!$E$12*($F$75-298.15)+'Data Termo'!$F$12/2*($F$75^2-298.15^2)+'Data Termo'!$G$12/3*($F$75^3-298.15^3)+'Data Termo'!$H$12/4*($F$75^4-298.15^4)+'Data Termo'!$I$12/5*($F$75^5-298.15^5)) -> -243476.28 | H86: =Q23 -> 197.04796 | I86: ='Data Termo'!$X$12+('Data Termo'!$J$12*($H$75-298.15)+'Data Termo'!$K$12/2*($H$75^2-298.15^2)+'Data Termo'!$L$12/3*($H$75^3-298.15^3)+'Data Termo'!$M$12/4*($H$75^4-298.15^4)) -> -283738.52 | J86: =U23 -> 4.5757543 | K86: ='Data Termo'!$X$12+('Data Termo'!$J$12*($J$75-298.15)+'Data Termo'!$K$12/2*($J$75^2-298.15^2)+'Data Termo'!$L$12/3*($J$75^3-298.15^3)+'Data Termo'!$M$12/4*($J$75^4-298.15^4)) -> -283738.52
A87: Br₂ (l / g / g / l / l) | B87: =E25 -> 0.0086600287 | C87: ='Data Termo'!$X$14+('Data Termo'!$J$14*($B$75-298.15)+'Data Termo'!$K$14/2*($B$75^2-298.15^2)+'Data Termo'!$L$14/3*($B$75^3-298.15^3)+'Data Termo'!$M$14/4*($B$75^4-298.15^4)) -> 2547.5952 | D87: ='NME-2 Oksiklorinasi'!Q28 -> 0 | E87: ='Data Termo'!$W$14+('Data Termo'!$E$14*($D$75-298.15)+'Data Termo'!$F$14/2*($D$75^2-298.15^2)+'Data Termo'!$G$14/3*($D$75^3-298.15^3)+'Data Termo'!$H$14/4*($D$75^4-298.15^4)+'Data Termo'!$I$14/5*($D$75^5-298.15^5)) -> 38245.846 | F87: =M25 -> 0 | G87: ='Data Termo'!$W$14+('Data Termo'!$E$14*($F$75-298.15)+'Data Termo'!$F$14/2*($F$75^2-298.15^2)+'Data Termo'!$G$14/3*($F$75^3-298.15^3)+'Data Termo'!$H$14/4*($F$75^4-298.15^4)+'Data Termo'!$I$14/5*($F$75^5-298.15^5)) -> 29128.227 | H87: =Q25 -> 0 | I87: ='Data Termo'!$X$14+('Data Termo'!$J$14*($H$75-298.15)+'Data Termo'!$K$14/2*($H$75^2-298.15^2)+'Data Termo'!$L$14/3*($H$75^3-298.15^3)+'Data Termo'!$M$14/4*($H$75^4-298.15^4)) -> 199.12489 | J87: =U25 -> 0.0086600287 | K87: ='Data Termo'!$X$14+('Data Termo'!$J$14*($J$75-298.15)+'Data Termo'!$K$14/2*($J$75^2-298.15^2)+'Data Termo'!$L$14/3*($J$75^3-298.15^3)+'Data Termo'!$M$14/4*($J$75^4-298.15^4)) -> 199.12489
A88: NCl₃ (l / g / g / l / l) | B88: =E26 -> 0.0006387709 | C88: ='Data Termo'!$X$15+('Data Termo'!$J$15*($B$75-298.15)+'Data Termo'!$K$15/2*($B$75^2-298.15^2)+'Data Termo'!$L$15/3*($B$75^3-298.15^3)+'Data Termo'!$M$15/4*($B$75^4-298.15^4)) -> 234191.06 | D88: ='NME-2 Oksiklorinasi'!Q29 -> 0 | E88: ='Data Termo'!$X$15+('Data Termo'!$J$15*($D$75-298.15)+'Data Termo'!$K$15/2*($D$75^2-298.15^2)+'Data Termo'!$L$15/3*($D$75^3-298.15^3)+'Data Termo'!$M$15/4*($D$75^4-298.15^4))+('Data Termo'!$Q$15*1000*MAX(0,1-$D$75/'Data Termo'!$R$15)^'Data Termo'!$S$15) -> 272638.42 | F88: =M26 -> 0 | G88: ='Data Termo'!$X$15+('Data Termo'!$J$15*($F$75-298.15)+'Data Termo'!$K$15/2*($F$75^2-298.15^2)+'Data Termo'!$L$15/3*($F$75^3-298.15^3)+'Data Termo'!$M$15/4*($F$75^4-298.15^4))+('Data Termo'!$Q$15*1000*MAX(0,1-$F$75/'Data Termo'!$R$15)^'Data Termo'!$S$15) -> 259737.62 | H88: =Q26 -> 0 | I88: ='Data Termo'!$X$15+('Data Termo'!$J$15*($H$75-298.15)+'Data Termo'!$K$15/2*($H$75^2-298.15^2)+'Data Termo'!$L$15/3*($H$75^3-298.15^3)+'Data Termo'!$M$15/4*($H$75^4-298.15^4)) -> 231032.61 | J88: =U26 -> 0.0006387709 | K88: ='Data Termo'!$X$15+('Data Termo'!$J$15*($J$75-298.15)+'Data Termo'!$K$15/2*($J$75^2-298.15^2)+'Data Termo'!$L$15/3*($J$75^3-298.15^3)+'Data Termo'!$M$15/4*($J$75^4-298.15^4)) -> 231032.61
A89: O₂ (g) | B89: =E28 -> 0 | C89: ='Data Termo'!$W$17+('Data Termo'!$E$17*($B$75-298.15)+'Data Termo'!$F$17/2*($B$75^2-298.15^2)+'Data Termo'!$G$17/3*($B$75^3-298.15^3)+'Data Termo'!$H$17/4*($B$75^4-298.15^4)+'Data Termo'!$I$17/5*($B$75^5-298.15^5)) -> 1194.3222 | D89: ='NME-2 Oksiklorinasi'!Q31 -> 59.75238 | E89: ='Data Termo'!$W$17+('Data Termo'!$E$17*($D$75-298.15)+'Data Termo'!$F$17/2*($D$75^2-298.15^2)+'Data Termo'!$G$17/3*($D$75^3-298.15^3)+'Data Termo'!$H$17/4*($D$75^4-298.15^4)+'Data Termo'!$I$17/5*($D$75^5-298.15^5)) -> 6041.6209 | F89: =M28 -> 59.75238 | G89: ='Data Termo'!$W$17+('Data Termo'!$E$17*($F$75-298.15)+'Data Termo'!$F$17/2*($F$75^2-298.15^2)+'Data Termo'!$G$17/3*($F$75^3-298.15^3)+'Data Termo'!$H$17/4*($F$75^4-298.15^4)+'Data Termo'!$I$17/5*($F$75^5-298.15^5)) -> -1466.1969 | H89: =Q28 -> 0 | I89: ='Data Termo'!$W$17+('Data Termo'!$E$17*($H$75-298.15)+'Data Termo'!$F$17/2*($H$75^2-298.15^2)+'Data Termo'!$G$17/3*($H$75^3-298.15^3)+'Data Termo'!$H$17/4*($H$75^4-298.15^4)+'Data Termo'!$I$17/5*($H$75^5-298.15^5)) -> 294.93738 | J89: =U28 -> 0 | K89: ='Data Termo'!$W$17+('Data Termo'!$E$17*($J$75-298.15)+'Data Termo'!$F$17/2*($J$75^2-298.15^2)+'Data Termo'!$G$17/3*($J$75^3-298.15^3)+'Data Termo'!$H$17/4*($J$75^4-298.15^4)+'Data Termo'!$I$17/5*($J$75^5-298.15^5)) -> 294.93738
A90: N₂ (g) | B90: =E29 -> 0 | C90: ='Data Termo'!$W$18+('Data Termo'!$E$18*($B$75-298.15)+'Data Termo'!$F$18/2*($B$75^2-298.15^2)+'Data Termo'!$G$18/3*($B$75^3-298.15^3)+'Data Termo'!$H$18/4*($B$75^4-298.15^4)+'Data Termo'!$I$18/5*($B$75^5-298.15^5)) -> 1174.4898 | D90: ='NME-2 Oksiklorinasi'!Q32 -> 611.65377 | E90: ='Data Termo'!$W$18+('Data Termo'!$E$18*($D$75-298.15)+'Data Termo'!$F$18/2*($D$75^2-298.15^2)+'Data Termo'!$G$18/3*($D$75^3-298.15^3)+'Data Termo'!$H$18/4*($D$75^4-298.15^4)+'Data Termo'!$I$18/5*($D$75^5-298.15^5)) -> 5856.3327 | F90: =M29 -> 611.65377 | G90: ='Data Termo'!$W$18+('Data Termo'!$E$18*($F$75-298.15)+'Data Termo'!$F$18/2*($F$75^2-298.15^2)+'Data Termo'!$G$18/3*($F$75^3-298.15^3)+'Data Termo'!$H$18/4*($F$75^4-298.15^4)+'Data Termo'!$I$18/5*($F$75^5-298.15^5)) -> -1452.0963 | H90: =Q29 -> 0 | I90: ='Data Termo'!$W$18+('Data Termo'!$E$18*($H$75-298.15)+'Data Termo'!$F$18/2*($H$75^2-298.15^2)+'Data Termo'!$G$18/3*($H$75^3-298.15^3)+'Data Termo'!$H$18/4*($H$75^4-298.15^4)+'Data Termo'!$I$18/5*($H$75^5-298.15^5)) -> 290.77108 | J90: =U29 -> 0 | K90: ='Data Termo'!$W$18+('Data Termo'!$E$18*($J$75-298.15)+'Data Termo'!$F$18/2*($J$75^2-298.15^2)+'Data Termo'!$G$18/3*($J$75^3-298.15^3)+'Data Termo'!$H$18/4*($J$75^4-298.15^4)+'Data Termo'!$I$18/5*($J$75^5-298.15^5)) -> 290.77108
A91: CO₂ (g) | B91: =E30 -> 0 | C91: ='Data Termo'!$W$19+('Data Termo'!$E$19*($B$75-298.15)+'Data Termo'!$F$19/2*($B$75^2-298.15^2)+'Data Termo'!$G$19/3*($B$75^3-298.15^3)+'Data Termo'!$H$19/4*($B$75^4-298.15^4)+'Data Termo'!$I$19/5*($B$75^5-298.15^5)) -> -391923.99 | D91: ='NME-2 Oksiklorinasi'!Q33 -> 2.0323939 | E91: ='Data Termo'!$W$19+('Data Termo'!$E$19*($D$75-298.15)+'Data Termo'!$F$19/2*($D$75^2-298.15^2)+'Data Termo'!$G$19/3*($D$75^3-298.15^3)+'Data Termo'!$H$19/4*($D$75^4-298.15^4)+'Data Termo'!$I$19/5*($D$75^5-298.15^5)) -> -385224.14 | F91: =M30 -> 2.0323939 | G91: ='Data Termo'!$W$19+('Data Termo'!$E$19*($F$75-298.15)+'Data Termo'!$F$19/2*($F$75^2-298.15^2)+'Data Termo'!$G$19/3*($F$75^3-298.15^3)+'Data Termo'!$H$19/4*($F$75^4-298.15^4)+'Data Termo'!$I$19/5*($F$75^5-298.15^5)) -> -395380.63 | H91: =Q30 -> 0 | I91: ='Data Termo'!$W$19+('Data Termo'!$E$19*($H$75-298.15)+'Data Termo'!$F$19/2*($H$75^2-298.15^2)+'Data Termo'!$G$19/3*($H$75^3-298.15^3)+'Data Termo'!$H$19/4*($H$75^4-298.15^4)+'Data Termo'!$I$19/5*($H$75^5-298.15^5)) -> -393114.24 | J91: =U30 -> 0 | K91: ='Data Termo'!$W$19+('Data Termo'!$E$19*($J$75-298.15)+'Data Termo'!$F$19/2*($J$75^2-298.15^2)+'Data Termo'!$G$19/3*($J$75^3-298.15^3)+'Data Termo'!$H$19/4*($J$75^4-298.15^4)+'Data Termo'!$I$19/5*($J$75^5-298.15^5)) -> -393114.24
A92: EDC (l / g / g / l / l) | B92: =E31 -> 215.97062 | C92: ='Data Termo'!$X$20+('Data Termo'!$J$20*($B$75-298.15)+'Data Termo'!$K$20/2*($B$75^2-298.15^2)+'Data Termo'!$L$20/3*($B$75^3-298.15^3)+'Data Termo'!$M$20/4*($B$75^4-298.15^4)) -> -159432.85 | D92: ='NME-2 Oksiklorinasi'!Q34 -> 199.58108 | E92: ='Data Termo'!$W$20+('Data Termo'!$E$20*($D$75-298.15)+'Data Termo'!$F$20/2*($D$75^2-298.15^2)+'Data Termo'!$G$20/3*($D$75^3-298.15^3)+'Data Termo'!$H$20/4*($D$75^4-298.15^4)+'Data Termo'!$I$20/5*($D$75^5-298.15^5)) -> -111359.87 | F92: =M31 -> 0.99840234 | G92: ='Data Termo'!$W$20+('Data Termo'!$E$20*($F$75-298.15)+'Data Termo'!$F$20/2*($F$75^2-298.15^2)+'Data Termo'!$G$20/3*($F$75^3-298.15^3)+'Data Termo'!$H$20/4*($F$75^4-298.15^4)+'Data Termo'!$I$20/5*($F$75^5-298.15^5)) -> -133491.77 | H92: =Q31 -> 0.030432658 | I92: ='Data Termo'!$X$20+('Data Termo'!$J$20*($H$75-298.15)+'Data Termo'!$K$20/2*($H$75^2-298.15^2)+'Data Termo'!$L$20/3*($H$75^3-298.15^3)+'Data Termo'!$M$20/4*($H$75^4-298.15^4)) -> -163456.04 | J92: =U31 -> 414.52286 | K92: ='Data Termo'!$X$20+('Data Termo'!$J$20*($J$75-298.15)+'Data Termo'!$K$20/2*($J$75^2-298.15^2)+'Data Termo'!$L$20/3*($J$75^3-298.15^3)+'Data Termo'!$M$20/4*($J$75^4-298.15^4)) -> -163456.04
A93: TCE (l / g / g / l / l) | B93: =E32 -> 0.048176856 | C93: ='Data Termo'!$X$21+('Data Termo'!$J$21*($B$75-298.15)+'Data Termo'!$K$21/2*($B$75^2-298.15^2)+'Data Termo'!$L$21/3*($B$75^3-298.15^3)+'Data Termo'!$M$21/4*($B$75^4-298.15^4)) -> -170569.97 | D93: ='NME-2 Oksiklorinasi'!Q35 -> 0 | E93: ='Data Termo'!$W$21+('Data Termo'!$E$21*($D$75-298.15)+'Data Termo'!$F$21/2*($D$75^2-298.15^2)+'Data Termo'!$G$21/3*($D$75^3-298.15^3)+'Data Termo'!$H$21/4*($D$75^4-298.15^4)+'Data Termo'!$I$21/5*($D$75^5-298.15^5)) -> -117915.39 | F93: =M32 -> 0 | G93: ='Data Termo'!$W$21+('Data Termo'!$E$21*($F$75-298.15)+'Data Termo'!$F$21/2*($F$75^2-298.15^2)+'Data Termo'!$G$21/3*($F$75^3-298.15^3)+'Data Termo'!$H$21/4*($F$75^4-298.15^4)+'Data Termo'!$I$21/5*($F$75^5-298.15^5)) -> -142727.01 | H93: =Q32 -> 0 | I93: ='Data Termo'!$X$21+('Data Termo'!$J$21*($H$75-298.15)+'Data Termo'!$K$21/2*($H$75^2-298.15^2)+'Data Termo'!$L$21/3*($H$75^3-298.15^3)+'Data Termo'!$M$21/4*($H$75^4-298.15^4)) -> -175297.94 | J93: =U32 -> 0.048176856 | K93: ='Data Termo'!$X$21+('Data Termo'!$J$21*($J$75-298.15)+'Data Termo'!$K$21/2*($J$75^2-298.15^2)+'Data Termo'!$L$21/3*($J$75^3-298.15^3)+'Data Termo'!$M$21/4*($J$75^4-298.15^4)) -> -175297.94
A94: HCl (l / g / g / aq / l) | B94: =E33 -> 0 | C94: ='Data Termo'!$X$22+('Data Termo'!$J$22*($B$75-298.15)+'Data Termo'!$K$22/2*($B$75^2-298.15^2)+'Data Termo'!$L$22/3*($B$75^3-298.15^3)+'Data Termo'!$M$22/4*($B$75^4-298.15^4)) -> -93885.408 | D94: ='NME-2 Oksiklorinasi'!Q36 -> 5.6907028 | E94: ='Data Termo'!$W$22+('Data Termo'!$E$22*($D$75-298.15)+'Data Termo'!$F$22/2*($D$75^2-298.15^2)+'Data Termo'!$G$22/3*($D$75^3-298.15^3)+'Data Termo'!$H$22/4*($D$75^4-298.15^4)+'Data Termo'!$I$22/5*($D$75^5-298.15^5)) -> -86462.841 | F94: =M33 -> 0 | G94: ='Data Termo'!$W$22+('Data Termo'!$E$22*($F$75-298.15)+'Data Termo'!$F$22/2*($F$75^2-298.15^2)+'Data Termo'!$G$22/3*($F$75^3-298.15^3)+'Data Termo'!$H$22/4*($F$75^4-298.15^4)+'Data Termo'!$I$22/5*($F$75^5-298.15^5)) -> -93753.563 | H94: =Q33 -> 5.6907028 | I94: ='Data Termo'!$D$29*1000+('Data Termo'!$E$22*($H$75-298.15)+'Data Termo'!$F$22/2*($H$75^2-298.15^2)+'Data Termo'!$G$22/3*($H$75^3-298.15^3)+'Data Termo'!$H$22/4*($H$75^4-298.15^4)+'Data Termo'!$I$22/5*($H$75^5-298.15^5)) -> -166789.18 | J94: =U33 -> 0 | K94: ='Data Termo'!$X$22+('Data Termo'!$J$22*($J$75-298.15)+'Data Termo'!$K$22/2*($J$75^2-298.15^2)+'Data Termo'!$L$22/3*($J$75^3-298.15^3)+'Data Termo'!$M$22/4*($J$75^4-298.15^4)) -> -97326.207
A95: FeCl₃ (s) | B95: =E34 -> 0.026422351 | C95: ='Data Termo'!$T$23*1000+('Data Termo'!$N$23*($B$75-298.15)+'Data Termo'!$O$23/2*($B$75^2-298.15^2)+'Data Termo'!$P$23/3*($B$75^3-298.15^3)) -> -395458.93 | D95: ='NME-2 Oksiklorinasi'!Q37 -> 0 | E95: ='Data Termo'!$T$23*1000+('Data Termo'!$N$23*($D$75-298.15)+'Data Termo'!$O$23/2*($D$75^2-298.15^2)+'Data Termo'!$P$23/3*($D$75^3-298.15^3)) -> -377698.41 | F95: =M34 -> 0 | G95: ='Data Termo'!$T$23*1000+('Data Termo'!$N$23*($F$75-298.15)+'Data Termo'!$O$23/2*($F$75^2-298.15^2)+'Data Termo'!$P$23/3*($F$75^3-298.15^3)) -> -404176.95 | H95: =Q34 -> 0.025661574 | I95: ='Data Termo'!$T$23*1000+('Data Termo'!$N$23*($H$75-298.15)+'Data Termo'!$O$23/2*($H$75^2-298.15^2)+'Data Termo'!$P$23/3*($H$75^3-298.15^3)) -> -398519.61 | J95: =U34 -> 0.0007607767 | K95: ='Data Termo'!$T$23*1000+('Data Termo'!$N$23*($J$75-298.15)+'Data Termo'!$O$23/2*($J$75^2-298.15^2)+'Data Termo'!$P$23/3*($J$75^3-298.15^3)) -> -398519.61
A96: C₂H₅Cl (l / g / g / l / l) | B96: =E35 -> 0 | C96: ='Data Termo'!$X$24+('Data Termo'!$J$24*($B$75-298.15)+'Data Termo'!$K$24/2*($B$75^2-298.15^2)+'Data Termo'!$L$24/3*($B$75^3-298.15^3)+'Data Termo'!$M$24/4*($B$75^4-298.15^4)) -> -131364.32 | D96: ='NME-2 Oksiklorinasi'!Q38 -> 1.6259151 | E96: ='Data Termo'!$W$24+('Data Termo'!$E$24*($D$75-298.15)+'Data Termo'!$F$24/2*($D$75^2-298.15^2)+'Data Termo'!$G$24/3*($D$75^3-298.15^3)+'Data Termo'!$H$24/4*($D$75^4-298.15^4)+'Data Termo'!$I$24/5*($D$75^5-298.15^5)) -> -96445.911 | F96: =M35 -> 0 | G96: ='Data Termo'!$W$24+('Data Termo'!$E$24*($F$75-298.15)+'Data Termo'!$F$24/2*($F$75^2-298.15^2)+'Data Termo'!$G$24/3*($F$75^3-298.15^3)+'Data Termo'!$H$24/4*($F$75^4-298.15^4)+'Data Termo'!$I$24/5*($F$75^5-298.15^5)) -> -114767.04 | H96: =Q35 -> 0 | I96: ='Data Termo'!$X$24+('Data Termo'!$J$24*($H$75-298.15)+'Data Termo'!$K$24/2*($H$75^2-298.15^2)+'Data Termo'!$L$24/3*($H$75^3-298.15^3)+'Data Termo'!$M$24/4*($H$75^4-298.15^4)) -> -134718.3 | J96: =U35 -> 1.6259151 | K96: ='Data Termo'!$X$24+('Data Termo'!$J$24*($J$75-298.15)+'Data Termo'!$K$24/2*($J$75^2-298.15^2)+'Data Termo'!$L$24/3*($J$75^3-298.15^3)+'Data Termo'!$M$24/4*($J$75^4-298.15^4)) -> -134718.3
A97: VCM (l / g / g / l / l) | B97: =E36 -> 0 | C97: ='Data Termo'!$X$25+('Data Termo'!$J$25*($B$75-298.15)+'Data Termo'!$K$25/2*($B$75^2-298.15^2)+'Data Termo'!$L$25/3*($B$75^3-298.15^3)+'Data Termo'!$M$25/4*($B$75^4-298.15^4)) -> 11877.477 | D97: ='NME-2 Oksiklorinasi'!Q39 -> 0.040961475 | E97: ='Data Termo'!$W$25+('Data Termo'!$E$25*($D$75-298.15)+'Data Termo'!$F$25/2*($D$75^2-298.15^2)+'Data Termo'!$G$25/3*($D$75^3-298.15^3)+'Data Termo'!$H$25/4*($D$75^4-298.15^4)+'Data Termo'!$I$25/5*($D$75^5-298.15^5)) -> 41400.04 | F97: =M36 -> 0.040961475 | G97: ='Data Termo'!$W$25+('Data Termo'!$E$25*($F$75-298.15)+'Data Termo'!$F$25/2*($F$75^2-298.15^2)+'Data Termo'!$G$25/3*($F$75^3-298.15^3)+'Data Termo'!$H$25/4*($F$75^4-298.15^4)+'Data Termo'!$I$25/5*($F$75^5-298.15^5)) -> 25843.151 | H97: =Q36 -> 0 | I97: ='Data Termo'!$X$25+('Data Termo'!$J$25*($H$75-298.15)+'Data Termo'!$K$25/2*($H$75^2-298.15^2)+'Data Termo'!$L$25/3*($H$75^3-298.15^3)+'Data Termo'!$M$25/4*($H$75^4-298.15^4)) -> 9112.475 | J97: =U36 -> 0 | K97: ='Data Termo'!$X$25+('Data Termo'!$J$25*($J$75-298.15)+'Data Termo'!$K$25/2*($J$75^2-298.15^2)+'Data Termo'!$L$25/3*($J$75^3-298.15^3)+'Data Termo'!$M$25/4*($J$75^4-298.15^4)) -> 9112.475
A98: Sub Total ṅᵢĤᵢ (kJ/h) | B98: =SUMPRODUCT(B81:B97,C81:C97) -> -34454188 | D98: =SUMPRODUCT(D81:D97,E81:E97) -> -66998224 | F98: =SUMPRODUCT(F81:F97,G81:G97) -> -1872004.2 | H98: =SUMPRODUCT(H81:H97,I81:I97) -> -56874445 | J98: =SUMPRODUCT(J81:J97,K81:K97) -> -69282223
A99: Heat of reaction / heat of mixing | B99: -
A100: Q (kJ/h) | B100: =(F98+H98+J98)-(B98+D98) -> -26576260
A101: W (kJ/h) | B101: 0
A102: TOTAL (kJ/h) | B102: =B98+D98+$B$100+$B$101 -> -1.2802867e+08 | F102: =F98+H98+J98 -> -1.2802867e+08
A103: Selisih masuk − keluar (kJ/h) | B103: =B102-F102 -> 0
A104: Q (kW) | B104: =$B$100/3600 -> -7382.2945
A105: W (kW) | B105: =$B$101/3600 -> 0

Sheet NME-4 Kolom Ringan
A3: Neraca Massa dan Energi
A4: NM Blok 4: Pemisahan Fraksi Ringan (Kolom Ringan)
A5: Tujuan: | B5: Memisahkan air dan komponen yang lebih ringan dari EDC
A6: Unjuk Kerja | B6: =35/1000000 -> 3.5e-05 | C6: Kadar air dalam EDC kering di produk bawah (fraksi berat)
B7: =10/1000000 -> 1e-05 | C7: Kadar VCM dalam produk bawah (fraksi berat)
B8: =3/1000 -> 0.003 | C8: EDC terbawa keluar lewat vent kolom (kg/kg EDC R-01 + R-02)
B9: Ringan | C9: Etil klorida, Br₂, NCl₃, dan gas terlarut ke distilat
B10: 0.6 | C10: Boil-up ratio V/B reboiler KD-101
A12: Basis Perhitungan | B12: ='NME-1 Klorinasi Langsung'!$B$16 -> 6100.5722 | C12: kg/h aliran etilena ke R-01 (NME-1)
A14: Substance | B14: Inlet | J14: Outlet
B15: Aliran 31 | F15: Aliran 51 | J15: Aliran 32 | N15: Aliran 33
B16: ẋᵢ | C16: ṁᵢ (kg/h) | D16: ẏᵢ | E16: ṅᵢ (kmol/h) | F16: ẋᵢ | G16: ṁᵢ (kg/h) | H16: ẏᵢ | I16: ṅᵢ (kmol/h) | J16: ẋᵢ | K16: ṁᵢ (kg/h) | L16: ẏᵢ | M16: ṅᵢ (kmol/h) | N16: ẋᵢ | O16: ṁᵢ (kg/h) | P16: ẏᵢ | Q16: ṅᵢ (kmol/h)
A17: C₂H₄ | B17: =C17/C$38 -> 0 | C17: =E17*'Data Komponen'!$D$3 -> 0 | D17: =E17/E$38 -> 0 | E17: ='NME-3 Kondensasi-Dekantasi'!U17 -> 0 | F17: =G17/G$38 -> 0 | G17: =I17*'Data Komponen'!$D$3 -> 0 | H17: =I17/I$38 -> 0 | I17: ='NME-8 Kolom VCM'!M16 -> 0 | J17: =K17/K$38 -> 0 | K17: =M17*'Data Komponen'!$D$3 -> 0 | L17: =M17/M$38 -> 0 | M17: =E17+I17 -> 0 | N17: =O17/O$38 -> 0 | O17: =Q17*'Data Komponen'!$D$3 -> 0 | P17: =Q17/Q$38 -> 0 | Q17: =0 -> 0
A18: CH₄ | B18: =C18/C$38 -> 0 | C18: =E18*'Data Komponen'!$D$4 -> 0 | D18: =E18/E$38 -> 0 | E18: ='NME-3 Kondensasi-Dekantasi'!U18 -> 0 | F18: =G18/G$38 -> 0 | G18: =I18*'Data Komponen'!$D$4 -> 0 | H18: =I18/I$38 -> 0 | I18: ='NME-8 Kolom VCM'!M17 -> 0 | J18: =K18/K$38 -> 0 | K18: =M18*'Data Komponen'!$D$4 -> 0 | L18: =M18/M$38 -> 0 | M18: =E18+I18 -> 0 | N18: =O18/O$38 -> 0 | O18: =Q18*'Data Komponen'!$D$4 -> 0 | P18: =Q18/Q$38 -> 0 | Q18: =0 -> 0
A19: C₂H₆ | B19: =C19/C$38 -> 0 | C19: =E19*'Data Komponen'!$D$5 -> 0 | D19: =E19/E$38 -> 0 | E19: ='NME-3 Kondensasi-Dekantasi'!U19 -> 0 | F19: =G19/G$38 -> 0 | G19: =I19*'Data Komponen'!$D$5 -> 0 | H19: =I19/I$38 -> 0 | I19: ='NME-8 Kolom VCM'!M18 -> 0 | J19: =K19/K$38 -> 0 | K19: =M19*'Data Komponen'!$D$5 -> 0 | L19: =M19/M$38 -> 0 | M19: =E19+I19 -> 0 | N19: =O19/O$38 -> 0 | O19: =Q19*'Data Komponen'!$D$5 -> 0 | P19: =Q19/Q$38 -> 0 | Q19: =0 -> 0
A20: C₂H₂ | B20: =C20/C$38 -> 0 | C20: =E20*'Data Komponen'!$D$6 -> 0 | D20: =E20/E$38 -> 0 | E20: ='NME-3 Kondensasi-Dekantasi'!U20 -> 0 | F20: =G20/G$38 -> 0 | G20: =I20*'Data Komponen'!$D$6 -> 0 | H20: =I20/I$38 -> 0 | I20: ='NME-8 Kolom VCM'!M19 -> 0 | J20: =K20/K$38 -> 0 | K20: =M20*'Data Komponen'!$D$6 -> 0 | L20: =M20/M$38 -> 0 | M20: =E20+I20 -> 0 | N20: =O20/O$38 -> 0 | O20: =Q20*'Data Komponen'!$D$6 -> 0 | P20: =Q20/Q$38 -> 0 | Q20: =0 -> 0
A21: Cl₂ | B21: =C21/C$38 -> 0 | C21: =E21*'Data Komponen'!$D$7 -> 0 | D21: =E21/E$38 -> 0 | E21: ='NME-3 Kondensasi-Dekantasi'!U21 -> 0 | F21: =G21/G$38 -> 0 | G21: =I21*'Data Komponen'!$D$7 -> 0 | H21: =I21/I$38 -> 0 | I21: ='NME-8 Kolom VCM'!M20 -> 0 | J21: =K21/K$38 -> 0 | K21: =M21*'Data Komponen'!$D$7 -> 0 | L21: =M21/M$38 -> 0 | M21: =E21+I21 -> 0 | N21: =O21/O$38 -> 0 | O21: =Q21*'Data Komponen'!$D$7 -> 0 | P21: =Q21/Q$38 -> 0 | Q21: =0 -> 0
A22: CₙHₘ | B22: =C22/C$38 -> 0 | C22: =E22*'Data Komponen'!$D$8 -> 0 | D22: =E22/E$38 -> 0 | E22: ='NME-3 Kondensasi-Dekantasi'!U22 -> 0 | F22: =G22/G$38 -> 0 | G22: =I22*'Data Komponen'!$D$8 -> 0 | H22: =I22/I$38 -> 0 | I22: ='NME-8 Kolom VCM'!M21 -> 0 | J22: =K22/K$38 -> 0 | K22: =M22*'Data Komponen'!$D$8 -> 0 | L22: =M22/M$38 -> 0 | M22: =E22+I22 -> 0 | N22: =O22/O$38 -> 0 | O22: =Q22*'Data Komponen'!$D$8 -> 0 | P22: =Q22/Q$38 -> 0 | Q22: =0 -> 0
A23: H₂O | B23: =C23/C$38 -> 0.002 | C23: =E23*'Data Komponen'!$D$9 -> 82.432214 | D23: =E23/E$38 -> 0.010874386 | E23: ='NME-3 Kondensasi-Dekantasi'!U23 -> 4.5757543 | F23: =G23/G$38 -> 7.698403e-05 | G23: =I23*'Data Komponen'!$D$9 -> 2.6142664 | H23: =I23/I$38 -> 0.00042258821 | I23: ='NME-8 Kolom VCM'!M22 -> 0.14511609 | J23: =K23/K$38 -> 0.17125714 | K23: =M23*'Data Komponen'!$D$9 -> 82.432214 | L23: =M23/M$38 -> 0.45020153 | M23: =E23+I23-Q23 -> 4.5757543 | N23: =O23/O$38 -> 3.5e-05 | O23: =Q23*'Data Komponen'!$D$9 -> 2.6142664 | P23: =Q23/Q$38 -> 0.00019245724 | Q23: =$B$6/(1-$B$6-$B$7)*(O31+O32+O34+O37)/'Data Komponen'!$D$9 -> 0.14511609
A24: CₓHᵧCl | B24: =C24/C$38 -> 0 | C24: =E24*'Data Komponen'!$D$10 -> 0 | D24: =E24/E$38 -> 0 | E24: ='NME-3 Kondensasi-Dekantasi'!U24 -> 0 | F24: =G24/G$38 -> 0 | G24: =I24*'Data Komponen'!$D$10 -> 0 | H24: =I24/I$38 -> 0 | I24: ='NME-8 Kolom VCM'!M23 -> 0 | J24: =K24/K$38 -> 0 | K24: =M24*'Data Komponen'!$D$10 -> 0 | L24: =M24/M$38 -> 0 | M24: =E24+I24 -> 0 | N24: =O24/O$38 -> 0 | O24: =Q24*'Data Komponen'!$D$10 -> 0 | P24: =Q24/Q$38 -> 0 | Q24: =0 -> 0
A25: Br₂ | B25: =C25/C$38 -> 3.3577695e-05 | C25: =E25*'Data Komponen'!$D$11 -> 1.3839419 | D25: =E25/E$38 -> 2.0580759e-05 | E25: ='NME-3 Kondensasi-Dekantasi'!U25 -> 0.0086600287 | F25: =G25/G$38 -> 0 | G25: =I25*'Data Komponen'!$D$11 -> 0 | H25: =I25/I$38 -> 0 | I25: ='NME-8 Kolom VCM'!M24 -> 0 | J25: =K25/K$38 -> 0.0028752101 | K25: =M25*'Data Komponen'!$D$11 -> 1.3839419 | L25: =M25/M$38 -> 0.00085204709 | M25: =E25+I25 -> 0.0086600287 | N25: =O25/O$38 -> 0 | O25: =Q25*'Data Komponen'!$D$11 -> 0 | P25: =Q25/Q$38 -> 0 | Q25: =0 -> 0
A26: NCl₃ | B26: =C26/C$38 -> 1.8654275e-06 | C26: =E26*'Data Komponen'!$D$12 -> 0.076885659 | D26: =E26/E$38 -> 1.5180539e-06 | E26: ='NME-3 Kondensasi-Dekantasi'!U26 -> 0.0006387709 | F26: =G26/G$38 -> 0 | G26: =I26*'Data Komponen'!$D$12 -> 0 | H26: =I26/I$38 -> 0 | I26: ='NME-8 Kolom VCM'!M25 -> 0 | J26: =K26/K$38 -> 0.00015973389 | K26: =M26*'Data Komponen'!$D$12 -> 0.076885659 | L26: =M26/M$38 -> 6.28477e-05 | M26: =E26+I26 -> 0.0006387709 | N26: =O26/O$38 -> 0 | O26: =Q26*'Data Komponen'!$D$12 -> 0 | P26: =Q26/Q$38 -> 0 | Q26: =0 -> 0
A27: H₂ | B27: =C27/C$38 -> 0 | C27: =E27*'Data Komponen'!$D$13 -> 0 | D27: =E27/E$38 -> 0 | E27: ='NME-3 Kondensasi-Dekantasi'!U27 -> 0 | F27: =G27/G$38 -> 0 | G27: =I27*'Data Komponen'!$D$13 -> 0 | H27: =I27/I$38 -> 0 | I27: ='NME-8 Kolom VCM'!M26 -> 0 | J27: =K27/K$38 -> 0 | K27: =M27*'Data Komponen'!$D$13 -> 0 | L27: =M27/M$38 -> 0 | M27: =E27+I27 -> 0 | N27: =O27/O$38 -> 0 | O27: =Q27*'Data Komponen'!$D$13 -> 0 | P27: =Q27/Q$38 -> 0 | Q27: =0 -> 0
A28: O₂ | B28: =C28/C$38 -> 0 | C28: =E28*'Data Komponen'!$D$14 -> 0 | D28: =E28/E$38 -> 0 | E28: ='NME-3 Kondensasi-Dekantasi'!U28 -> 0 | F28: =G28/G$38 -> 0 | G28: =I28*'Data Komponen'!$D$14 -> 0 | H28: =I28/I$38 -> 0 | I28: ='NME-8 Kolom VCM'!M27 -> 0 | J28: =K28/K$38 -> 0 | K28: =M28*'Data Komponen'!$D$14 -> 0 | L28: =M28/M$38 -> 0 | M28: =E28+I28 -> 0 | N28: =O28/O$38 -> 0 | O28: =Q28*'Data Komponen'!$D$14 -> 0 | P28: =Q28/Q$38 -> 0 | Q28: =0 -> 0
A29: N₂ | B29: =C29/C$38 -> 0 | C29: =E29*'Data Komponen'!$D$15 -> 0 | D29: =E29/E$38 -> 0 | E29: ='NME-3 Kondensasi-Dekantasi'!U29 -> 0 | F29: =G29/G$38 -> 0 | G29: =I29*'Data Komponen'!$D$15 -> 0 | H29: =I29/I$38 -> 0 | I29: ='NME-8 Kolom VCM'!M28 -> 0 | J29: =K29/K$38 -> 0 | K29: =M29*'Data Komponen'!$D$15 -> 0 | L29: =M29/M$38 -> 0 | M29: =E29+I29 -> 0 | N29: =O29/O$38 -> 0 | O29: =Q29*'Data Komponen'!$D$15 -> 0 | P29: =Q29/Q$38 -> 0 | Q29: =0 -> 0
A30: CO₂ | B30: =C30/C$38 -> 0 | C30: =E30*'Data Komponen'!$D$16 -> 0 | D30: =E30/E$38 -> 0 | E30: ='NME-3 Kondensasi-Dekantasi'!U30 -> 0 | F30: =G30/G$38 -> 0 | G30: =I30*'Data Komponen'!$D$16 -> 0 | H30: =I30/I$38 -> 0 | I30: ='NME-8 Kolom VCM'!M29 -> 0 | J30: =K30/K$38 -> 0 | K30: =M30*'Data Komponen'!$D$16 -> 0 | L30: =M30/M$38 -> 0 | M30: =E30+I30 -> 0 | N30: =O30/O$38 -> 0 | O30: =Q30*'Data Komponen'!$D$16 -> 0 | P30: =Q30/Q$38 -> 0 | Q30: =0 -> 0
A31: EDC | B31: =C31/C$38 -> 0.99526061 | C31: =E31*'Data Komponen'!$D$17 -> 41020.768 | D31: =E31/E$38 -> 0.98512319 | E31: ='NME-3 Kondensasi-Dekantasi'!U31 -> 414.52286 | F31: =G31/G$38 -> 0.98332724 | G31: =I31*'Data Komponen'!$D$17 -> 33392.372 | H31: =I31/I$38 -> 0.98263848 | I31: ='NME-8 Kolom VCM'!M30 -> 337.43643 | J31: =K31/K$38 -> 0.2565799 | K31: =M31*'Data Komponen'!$D$17 -> 123.50112 | L31: =M31/M$38 -> 0.12278912 | M31: =$B$8*('NME-1 Klorinasi Langsung'!Q35+'NME-1 Klorinasi Langsung'!U35+'NME-2 Oksiklorinasi'!Q34) -> 1.2480029 | N31: =O31/O$38 -> 0.9945954 | O31: =Q31*'Data Komponen'!$D$17 -> 74289.639 | P31: =Q31/Q$38 -> 0.99561544 | Q31: =E31+I31-M31 -> 750.71129
A32: TCE | B32: =C32/C$38 -> 0.00015593266 | C32: =E32*'Data Komponen'!$D$18 -> 6.4269371 | D32: =E32/E$38 -> 0.00011449342 | E32: ='NME-3 Kondensasi-Dekantasi'!U32 -> 0.048176856 | F32: =G32/G$38 -> 1.9680703e-05 | G32: =I32*'Data Komponen'!$D$18 -> 0.66832822 | H32: =I32/I$38 -> 1.4589016e-05 | I32: ='NME-8 Kolom VCM'!M31 -> 0.005009844 | J32: =K32/K$38 -> 0 | K32: =M32*'Data Komponen'!$D$18 -> 0 | L32: =M32/M$38 -> 0 | M32: =0 -> 0 | N32: =O32/O$38 -> 9.4991959e-05 | O32: =Q32*'Data Komponen'!$D$18 -> 7.0952653 | P32: =Q32/Q$38 -> 7.0537769e-05 | Q32: =E32+I32 -> 0.0531867
A33: HCl | B33: =C33/C$38 -> 0 | C33: =E33*'Data Komponen'!$D$19 -> 0 | D33: =E33/E$38 -> 0 | E33: ='NME-3 Kondensasi-Dekantasi'!U33 -> 0 | F33: =G33/G$38 -> 0 | G33: =I33*'Data Komponen'!$D$19 -> 0 | H33: =I33/I$38 -> 0 | I33: ='NME-8 Kolom VCM'!M32 -> 0 | J33: =K33/K$38 -> 0 | K33: =M33*'Data Komponen'!$D$19 -> 0 | L33: =M33/M$38 -> 0 | M33: =E33+I33 -> 0 | N33: =O33/O$38 -> 0 | O33: =Q33*'Data Komponen'!$D$19 -> 0 | P33: =Q33/Q$38 -> 0 | Q33: =0 -> 0
A34: FeCl₃ | B34: =C34/C$38 -> 2.994e-06 | C34: =E34*'Data Komponen'!$D$20 -> 0.12340102 | D34: =E34/E$38 -> 1.8080035e-06 | E34: ='NME-3 Kondensasi-Dekantasi'!U34 -> 0.0007607767 | F34: =G34/G$38 -> 0 | G34: =I34*'Data Komponen'!$D$20 -> 0 | H34: =I34/I$38 -> 0 | I34: ='NME-8 Kolom VCM'!M33 -> 0 | J34: =K34/K$38 -> 0 | K34: =M34*'Data Komponen'!$D$20 -> 0 | L34: =M34/M$38 -> 0 | M34: =0 -> 0 | N34: =O34/O$38 -> 1.6521024e-06 | O34: =Q34*'Data Komponen'!$D$20 -> 0.12340102 | P34: =Q34/Q$38 -> 1.0089645e-06 | Q34: =E34+I34 -> 0.0007607767
A35: C₂H₅Cl | B35: =C35/C$38 -> 0.0025450223 | C35: =E35*'Data Komponen'!$D$21 -> 104.89591 | D35: =E35/E$38 -> 0.0038640249 | E35: ='NME-3 Kondensasi-Dekantasi'!U35 -> 1.6259151 | F35: =G35/G$38 -> 0 | G35: =I35*'Data Komponen'!$D$21 -> 0 | H35: =I35/I$38 -> 0 | I35: ='NME-8 Kolom VCM'!M34 -> 0 | J35: =K35/K$38 -> 0.21792663 | K35: =M35*'Data Komponen'!$D$21 -> 104.89591 | L35: =M35/M$38 -> 0.15997132 | M35: =E35+I35 -> 1.6259151 | N35: =O35/O$38 -> 0 | O35: =Q35*'Data Komponen'!$D$21 -> 0 | P35: =Q35/Q$38 -> 0 | Q35: =0 -> 0
A36: VCM | B36: =C36/C$38 -> 0 | C36: =E36*'Data Komponen'!$D$22 -> 0 | D36: =E36/E$38 -> 0 | E36: ='NME-3 Kondensasi-Dekantasi'!U36 -> 0 | F36: =G36/G$38 -> 0.005 | G36: =I36*'Data Komponen'!$D$22 -> 169.79277 | H36: =I36/I$38 -> 0.0079114281 | I36: ='NME-8 Kolom VCM'!M35 -> 2.7167713 | J36: =K36/K$38 -> 0.35120139 | K36: =M36*'Data Komponen'!$D$22 -> 169.04584 | L36: =M36/M$38 -> 0.26612314 | M36: =E36+I36-Q36 -> 2.70482 | N36: =O36/O$38 -> 1e-05 | O36: =Q36*'Data Komponen'!$D$22 -> 0.74693326 | P36: =Q36/Q$38 -> 1.5850186e-05 | Q36: =$B$7/(1-$B$6-$B$7)*(O31+O32+O34+O37)/'Data Komponen'!$D$22 -> 0.011951315
A37: C₄H₈Cl₂ (berat) | B37: =C37/C$38 -> 0 | C37: =E37*'Data Komponen'!$D$23 -> 0 | D37: =E37/E$38 -> 0 | E37: ='NME-3 Kondensasi-Dekantasi'!U37 -> 0 | F37: =G37/G$38 -> 0.011576099 | G37: =I37*'Data Komponen'!$D$23 -> 393.10761 | H37: =I37/I$38 -> 0.0090129108 | I37: ='NME-8 Kolom VCM'!M36 -> 3.0950187 | J37: =K37/K$38 -> 0 | K37: =M37*'Data Komponen'!$D$23 -> 0 | L37: =M37/M$38 -> 0 | M37: =0 -> 0 | N37: =O37/O$38 -> 0.0052629549 | O37: =Q37*'Data Komponen'!$D$23 -> 393.10761 | P37: =Q37/Q$38 -> 0.004104705 | Q37: =E37+I37 -> 3.0950187
A38: Sub Total | B38: =SUM(B17:B37) -> 1 | C38: =SUM(C17:C37) -> 41216.107 | D38: =SUM(D17:D37) -> 1 | E38: =SUM(E17:E37) -> 420.78277 | F38: =SUM(F17:F37) -> 1 | G38: =SUM(G17:G37) -> 33958.555 | H38: =SUM(H17:H37) -> 1 | I38: =SUM(I17:I37) -> 343.39835 | ... Q38: =SUM(Q17:Q37) -> 754.01732
A39: TOTAL MASSA | B39: =C38+G38 -> 75174.662 | J39: =K38+O38 -> 75174.662
A40: Selisih (Inlet − Outlet), kg/h | B40: =B39-J39 -> -9.4587449e-10
A43: Neraca Energi P-102: Pompa EDC basah
A44: Reference state: unsur pada 25 °C dan 1 atm (metode panas pembentukan)
A45: No. aliran PFD | B45: 29 | D45: 30
A46: Dari | B46: D-101 | D46: P-102
A47: Ke | B47: P-102 | D47: E-106
A48: T (K) | B48: ='NME-3 Kondensasi-Dekantasi'!$J$75 -> 308.15 | D48: ='NME-3 Kondensasi-Dekantasi'!$J$75 -> 308.15
A49: T (°C) | B49: ='NME-3 Kondensasi-Dekantasi'!$J$76 -> 35 | D49: =IF(ISNUMBER(D48),D48-273.15,"-") -> 35
A50: P (bar abs) | B50: ='NME-3 Kondensasi-Dekantasi'!$J$77 -> 5.370225 | D50: 5.370225
A51: Substance | B51: INLET | D51: OUTLET
B52: Aliran 29 | D52: Aliran 30
B53: ṅᵢ (kmol/h) | C53: Ĥᵢ (kJ/kmol) | D53: ṅᵢ (kmol/h) | E53: Ĥᵢ (kJ/kmol)
A54: H₂O (l) | B54: ='NME-3 Kondensasi-Dekantasi'!U23 -> 4.5757543 | C54: ='Data Termo'!$X$12+('Data Termo'!$J$12*($B$48-298.15)+'Data Termo'!$K$12/2*($B$48^2-298.15^2)+'Data Termo'!$L$12/3*($B$48^3-298.15^3)+'Data Termo'!$M$12/4*($B$48^4-298.15^4)) -> -283738.52 | D54: ='NME-3 Kondensasi-Dekantasi'!U23 -> 4.5757543 | E54: ='Data Termo'!$X$12+('Data Termo'!$J$12*($D$48-298.15)+'Data Termo'!$K$12/2*($D$48^2-298.15^2)+'Data Termo'!$L$12/3*($D$48^3-298.15^3)+'Data Termo'!$M$12/4*($D$48^4-298.15^4)) -> -283738.52
A55: Br₂ (l) | B55: ='NME-3 Kondensasi-Dekantasi'!U25 -> 0.0086600287 | C55: ='Data Termo'!$X$14+('Data Termo'!$J$14*($B$48-298.15)+'Data Termo'!$K$14/2*($B$48^2-298.15^2)+'Data Termo'!$L$14/3*($B$48^3-298.15^3)+'Data Termo'!$M$14/4*($B$48^4-298.15^4)) -> 199.12489 | D55: ='NME-3 Kondensasi-Dekantasi'!U25 -> 0.0086600287 | E55: ='Data Termo'!$X$14+('Data Termo'!$J$14*($D$48-298.15)+'Data Termo'!$K$14/2*($D$48^2-298.15^2)+'Data Termo'!$L$14/3*($D$48^3-298.15^3)+'Data Termo'!$M$14/4*($D$48^4-298.15^4)) -> 199.12489
A56: NCl₃ (l) | B56: ='NME-3 Kondensasi-Dekantasi'!U26 -> 0.0006387709 | C56: ='Data Termo'!$X$15+('Data Termo'!$J$15*($B$48-298.15)+'Data Termo'!$K$15/2*($B$48^2-298.15^2)+'Data Termo'!$L$15/3*($B$48^3-298.15^3)+'Data Termo'!$M$15/4*($B$48^4-298.15^4)) -> 231032.61 | D56: ='NME-3 Kondensasi-Dekantasi'!U26 -> 0.0006387709 | E56: ='Data Termo'!$X$15+('Data Termo'!$J$15*($D$48-298.15)+'Data Termo'!$K$15/2*($D$48^2-298.15^2)+'Data Termo'!$L$15/3*($D$48^3-298.15^3)+'Data Termo'!$M$15/4*($D$48^4-298.15^4)) -> 231032.61
A57: EDC (l) | B57: ='NME-3 Kondensasi-Dekantasi'!U31 -> 414.52286 | C57: ='Data Termo'!$X$20+('Data Termo'!$J$20*($B$48-298.15)+'Data Termo'!$K$20/2*($B$48^2-298.15^2)+'Data Termo'!$L$20/3*($B$48^3-298.15^3)+'Data Termo'!$M$20/4*($B$48^4-298.15^4)) -> -163456.04 | D57: ='NME-3 Kondensasi-Dekantasi'!U31 -> 414.52286 | E57: ='Data Termo'!$X$20+('Data Termo'!$J$20*($D$48-298.15)+'Data Termo'!$K$20/2*($D$48^2-298.15^2)+'Data Termo'!$L$20/3*($D$48^3-298.15^3)+'Data Termo'!$M$20/4*($D$48^4-298.15^4)) -> -163456.04
A58: TCE (l) | B58: ='NME-3 Kondensasi-Dekantasi'!U32 -> 0.048176856 | C58: ='Data Termo'!$X$21+('Data Termo'!$J$21*($B$48-298.15)+'Data Termo'!$K$21/2*($B$48^2-298.15^2)+'Data Termo'!$L$21/3*($B$48^3-298.15^3)+'Data Termo'!$M$21/4*($B$48^4-298.15^4)) -> -175297.94 | D58: ='NME-3 Kondensasi-Dekantasi'!U32 -> 0.048176856 | E58: ='Data Termo'!$X$21+('Data Termo'!$J$21*($D$48-298.15)+'Data Termo'!$K$21/2*($D$48^2-298.15^2)+'Data Termo'!$L$21/3*($D$48^3-298.15^3)+'Data Termo'!$M$21/4*($D$48^4-298.15^4)) -> -175297.94
A59: FeCl₃ (s) | B59: ='NME-3 Kondensasi-Dekantasi'!U34 -> 0.0007607767 | C59: ='Data Termo'!$T$23*1000+('Data Termo'!$N$23*($B$48-298.15)+'Data Termo'!$O$23/2*($B$48^2-298.15^2)+'Data Termo'!$P$23/3*($B$48^3-298.15^3)) -> -398519.61 | D59: ='NME-3 Kondensasi-Dekantasi'!U34 -> 0.0007607767 | E59: ='Data Termo'!$T$23*1000+('Data Termo'!$N$23*($D$48-298.15)+'Data Termo'!$O$23/2*($D$48^2-298.15^2)+'Data Termo'!$P$23/3*($D$48^3-298.15^3)) -> -398519.61
A60: C₂H₅Cl (l) | B60: ='NME-3 Kondensasi-Dekantasi'!U35 -> 1.6259151 | C60: ='Data Termo'!$X$24+('Data Termo'!$J$24*($B$48-298.15)+'Data Termo'!$K$24/2*($B$48^2-298.15^2)+'Data Termo'!$L$24/3*($B$48^3-298.15^3)+'Data Termo'!$M$24/4*($B$48^4-298.15^4)) -> -134718.3 | D60: ='NME-3 Kondensasi-Dekantasi'!U35 -> 1.6259151 | E60: ='Data Termo'!$X$24+('Data Termo'!$J$24*($D$48-298.15)+'Data Termo'!$K$24/2*($D$48^2-298.15^2)+'Data Termo'!$L$24/3*($D$48^3-298.15^3)+'Data Termo'!$M$24/4*($D$48^4-298.15^4)) -> -134718.3
A61: Sub Total ṅᵢĤᵢ (kJ/h) | B61: =SUMPRODUCT(B54:B60,C54:C60) -> -69282223 | D61: =SUMPRODUCT(D54:D60,E54:E60) -> -69282223
A62: Heat of reaction / heat of mixing | B62: -
A63: Q (kJ/h) | B63: 0
A64: W (kJ/h) | B64: 0
A65: TOTAL (kJ/h) | B65: =B61+$B$63+$B$64 -> -69282223 | D65: =D61 -> -69282223
A66: Selisih masuk − keluar (kJ/h) | B66: =B65-D65 -> 0
A67: Q (kW) | B67: =$B$63/3600 -> 0
A68: W (kW) | B68: =$B$64/3600 -> 0
A71: Neraca Energi E-106: Pemanas umpan kolom ringan
A72: Reference state: unsur pada 25 °C dan 1 atm (metode panas pembentukan)
A73: No. aliran PFD | B73: 30 | D73: 31
A74: Dari | B74: P-102 | D74: E-106
A75: Ke | B75: E-106 | D75: KD-101
A76: T (K) | B76: =$D$48 -> 308.15 | D76: ='Data Termo'!$D$39 -> 356.59
A77: T (°C) | B77: =$D$49 -> 35 | D77: =IF(ISNUMBER(D76),D76-273.15,"-") -> 83.44
A78: P (bar abs) | B78: =$D$50 -> 5.370225 | D78: 1.01325
A79: Substance | B79: INLET | D79: OUTLET
B80: Aliran 30 | D80: Aliran 31
B81: ṅᵢ (kmol/h) | C81: Ĥᵢ (kJ/kmol) | D81: ṅᵢ (kmol/h) | E81: Ĥᵢ (kJ/kmol)
A82: H₂O (l) | B82: ='NME-3 Kondensasi-Dekantasi'!U23 -> 4.5757543 | C82: ='Data Termo'!$X$12+('Data Termo'!$J$12*($B$76-298.15)+'Data Termo'!$K$12/2*($B$76^2-298.15^2)+'Data Termo'!$L$12/3*($B$76^3-298.15^3)+'Data Termo'!$M$12/4*($B$76^4-298.15^4)) -> -283738.52 | D82: =E23 -> 4.5757543 | E82: ='Data Termo'!$X$12+('Data Termo'!$J$12*($D$76-298.15)+'Data Termo'!$K$12/2*($D$76^2-298.15^2)+'Data Termo'!$L$12/3*($D$76^3-298.15^3)+'Data Termo'!$M$12/4*($D$76^4-298.15^4)) -> -280097.94
A83: Br₂ (l) | B83: ='NME-3 Kondensasi-Dekantasi'!U25 -> 0.0086600287 | C83: ='Data Termo'!$X$14+('Data Termo'!$J$14*($B$76-298.15)+'Data Termo'!$K$14/2*($B$76^2-298.15^2)+'Data Termo'!$L$14/3*($B$76^3-298.15^3)+'Data Termo'!$M$14/4*($B$76^4-298.15^4)) -> 199.12489 | D83: =E25 -> 0.0086600287 | E83: ='Data Termo'!$X$14+('Data Termo'!$J$14*($D$76-298.15)+'Data Termo'!$K$14/2*($D$76^2-298.15^2)+'Data Termo'!$L$14/3*($D$76^3-298.15^3)+'Data Termo'!$M$14/4*($D$76^4-298.15^4)) -> 3973.6019
A84: NCl₃ (l) | B84: ='NME-3 Kondensasi-Dekantasi'!U26 -> 0.0006387709 | C84: ='Data Termo'!$X$15+('Data Termo'!$J$15*($B$76-298.15)+'Data Termo'!$K$15/2*($B$76^2-298.15^2)+'Data Termo'!$L$15/3*($B$76^3-298.15^3)+'Data Termo'!$M$15/4*($B$76^4-298.15^4)) -> 231032.61 | D84: =E26 -> 0.0006387709 | E84: ='Data Termo'!$X$15+('Data Termo'!$J$15*($D$76-298.15)+'Data Termo'!$K$15/2*($D$76^2-298.15^2)+'Data Termo'!$L$15/3*($D$76^3-298.15^3)+'Data Termo'!$M$15/4*($D$76^4-298.15^4)) -> 236105.91
A85: EDC (l) | B85: ='NME-3 Kondensasi-Dekantasi'!U31 -> 414.52286 | C85: ='Data Termo'!$X$20+('Data Termo'!$J$20*($B$76-298.15)+'Data Termo'!$K$20/2*($B$76^2-298.15^2)+'Data Termo'!$L$20/3*($B$76^3-298.15^3)+'Data Termo'!$M$20/4*($B$76^4-298.15^4)) -> -163456.04 | D85: =E31 -> 414.52286 | E85: ='Data Termo'!$X$20+('Data Termo'!$J$20*($D$76-298.15)+'Data Termo'!$K$20/2*($D$76^2-298.15^2)+'Data Termo'!$L$20/3*($D$76^3-298.15^3)+'Data Termo'!$M$20/4*($D$76^4-298.15^4)) -> -156965.57
A86: TCE (l) | B86: ='NME-3 Kondensasi-Dekantasi'!U32 -> 0.048176856 | C86: ='Data Termo'!$X$21+('Data Termo'!$J$21*($B$76-298.15)+'Data Termo'!$K$21/2*($B$76^2-298.15^2)+'Data Termo'!$L$21/3*($B$76^3-298.15^3)+'Data Termo'!$M$21/4*($B$76^4-298.15^4)) -> -175297.94 | D86: =E32 -> 0.048176856 | E86: ='Data Termo'!$X$21+('Data Termo'!$J$21*($D$76-298.15)+'Data Termo'!$K$21/2*($D$76^2-298.15^2)+'Data Termo'!$L$21/3*($D$76^3-298.15^3)+'Data Termo'!$M$21/4*($D$76^4-298.15^4)) -> -167675.35
A87: FeCl₃ (s) | B87: ='NME-3 Kondensasi-Dekantasi'!U34 -> 0.0007607767 | C87: ='Data Termo'!$T$23*1000+('Data Termo'!$N$23*($B$76-298.15)+'Data Termo'!$O$23/2*($B$76^2-298.15^2)+'Data Termo'!$P$23/3*($B$76^3-298.15^3)) -> -398519.61 | D87: =E34 -> 0.0007607767 | E87: ='Data Termo'!$T$23*1000+('Data Termo'!$N$23*($D$76-298.15)+'Data Termo'!$O$23/2*($D$76^2-298.15^2)+'Data Termo'!$P$23/3*($D$76^3-298.15^3)) -> -393579.46
A88: C₂H₅Cl (l) | B88: ='NME-3 Kondensasi-Dekantasi'!U35 -> 1.6259151 | C88: ='Data Termo'!$X$24+('Data Termo'!$J$24*($B$76-298.15)+'Data Termo'!$K$24/2*($B$76^2-298.15^2)+'Data Termo'!$L$24/3*($B$76^3-298.15^3)+'Data Termo'!$M$24/4*($B$76^4-298.15^4)) -> -134718.3 | D88: =E35 -> 1.6259151 | E88: ='Data Termo'!$X$24+('Data Termo'!$J$24*($D$76-298.15)+'Data Termo'!$K$24/2*($D$76^2-298.15^2)+'Data Termo'!$L$24/3*($D$76^3-298.15^3)+'Data Termo'!$M$24/4*($D$76^4-298.15^4)) -> -129272.85
A89: Sub Total ṅᵢĤᵢ (kJ/h) | B89: =SUMPRODUCT(B82:B88,C82:C88) -> -69282223 | D89: =SUMPRODUCT(D82:D88,E82:E88) -> -66565857
A90: Heat of reaction / heat of mixing | B90: -
A91: Q (kJ/h) | B91: =(D89)-(B89) -> 2716366.2
A92: W (kJ/h) | B92: 0
A93: TOTAL (kJ/h) | B93: =B89+$B$91+$B$92 -> -66565857 | D93: =D89 -> -66565857
A94: Selisih masuk − keluar (kJ/h) | B94: =B93-D93 -> 0
A95: Q (kW) | B95: =$B$91/3600 -> 754.54617
A96: W (kW) | B96: =$B$92/3600 -> 0
A99: Neraca Energi E-111: Pendingin EDC daur ulang
A100: Reference state: unsur pada 25 °C dan 1 atm (metode panas pembentukan)
A101: No. aliran PFD | B101: 49 | D101: 50
A102: Dari | B102: KD-104 | D102: E-111
A103: Ke | B103: E-111 | D103: V-106
A104: T (K) | B104: ='NME-8 Kolom VCM'!$F$74 -> 425.15 | D104: ='Data Termo'!$D$39 -> 356.59
A105: T (°C) | B105: ='NME-8 Kolom VCM'!$F$75 -> 152 | D105: =IF(ISNUMBER(D104),D104-273.15,"-") -> 83.44
A106: P (bar abs) | B106: ='NME-8 Kolom VCM'!$F$76 -> 6.5 | D106: 6.5
A107: Substance | B107: INLET | D107: OUTLET
B108: Aliran 49 | D108: Aliran 50
B109: ṅᵢ (kmol/h) | C109: Ĥᵢ (kJ/kmol) | D109: ṅᵢ (kmol/h) | E109: Ĥᵢ (kJ/kmol)
A110: H₂O (l) | B110: ='NME-8 Kolom VCM'!M22 -> 0.14511609 | C110: ='Data Termo'!$X$12+('Data Termo'!$J$12*($B$104-298.15)+'Data Termo'!$K$12/2*($B$104^2-298.15^2)+'Data Termo'!$L$12/3*($B$104^3-298.15^3)+'Data Termo'!$M$12/4*($B$104^4-298.15^4)) -> -274867.6 | D110: ='NME-8 Kolom VCM'!M22 -> 0.14511609 | E110: ='Data Termo'!$X$12+('Data Termo'!$J$12*($D$104-298.15)+'Data Termo'!$K$12/2*($D$104^2-298.15^2)+'Data Termo'!$L$12/3*($D$104^3-298.15^3)+'Data Termo'!$M$12/4*($D$104^4-298.15^4)) -> -280097.94
...

Sheet NME-5 Kolom Berat
A3: Neraca Massa dan Energi
A4: NM Blok 5: Pemisahan Fraksi Berat (Kolom Berat)
A5: Tujuan: | B5: Memisahkan EDC murni (distilat) dari TCE, fraksi berat, dan FeCl₃ (produk bawah)
A6: Unjuk Kerja | B6: =1/1000 -> 0.001 | C6: EDC ke produk bawah (mol per mol VCM produk)
B7: =73*298/(74.5*3100) -> 0.094193548 | C7: Fraksi 1,1,2-trikloroetana umpan yang ikut distilat
B8: Berat | C8: Fraksi berat (C₄H₈Cl₂) dan FeCl₃ ke produk bawah
B9: 1 | C9: Rasio refluks L/D kolom berat KD-102
B10: 0.75 | C10: Efisiensi pompa P-103
A12: Basis Perhitungan | B12: ='NME-1 Klorinasi Langsung'!$B$16 -> 6100.5722 | C12: kg/h aliran etilena ke R-01 (NME-1)
A14: Substance | B14: Inlet | F14: Outlet
B15: Aliran 34 | F15: Aliran 36 | J15: Aliran 35
B16: ẋᵢ | C16: ṁᵢ (kg/h) | D16: ẏᵢ | E16: ṅᵢ (kmol/h) | F16: ẋᵢ | G16: ṁᵢ (kg/h) | H16: ẏᵢ | I16: ṅᵢ (kmol/h) | J16: ẋᵢ | K16: ṁᵢ (kg/h) | L16: ẏᵢ | M16: ṅᵢ (kmol/h)
A17: C₂H₄ | B17: =C17/C$38 -> 0 | C17: =E17*'Data Komponen'!$D$3 -> 0 | D17: =E17/E$38 -> 0 | E17: ='NME-4 Kolom Ringan'!Q17 -> 0 | F17: =G17/G$38 -> 0 | G17: =I17*'Data Komponen'!$D$3 -> 0 | H17: =I17/I$38 -> 0 | I17: =E17 -> 0 | J17: =K17/K$38 -> 0 | K17: =M17*'Data Komponen'!$D$3 -> 0 | L17: =M17/M$38 -> 0 | M17: =0 -> 0
A18: CH₄ | B18: =C18/C$38 -> 0 | C18: =E18*'Data Komponen'!$D$4 -> 0 | D18: =E18/E$38 -> 0 | E18: ='NME-4 Kolom Ringan'!Q18 -> 0 | F18: =G18/G$38 -> 0 | G18: =I18*'Data Komponen'!$D$4 -> 0 | H18: =I18/I$38 -> 0 | I18: =E18 -> 0 | J18: =K18/K$38 -> 0 | K18: =M18*'Data Komponen'!$D$4 -> 0 | L18: =M18/M$38 -> 0 | M18: =0 -> 0
A19: C₂H₆ | B19: =C19/C$38 -> 0 | C19: =E19*'Data Komponen'!$D$5 -> 0 | D19: =E19/E$38 -> 0 | E19: ='NME-4 Kolom Ringan'!Q19 -> 0 | F19: =G19/G$38 -> 0 | G19: =I19*'Data Komponen'!$D$5 -> 0 | H19: =I19/I$38 -> 0 | I19: =E19 -> 0 | J19: =K19/K$38 -> 0 | K19: =M19*'Data Komponen'!$D$5 -> 0 | L19: =M19/M$38 -> 0 | M19: =0 -> 0
A20: C₂H₂ | B20: =C20/C$38 -> 0 | C20: =E20*'Data Komponen'!$D$6 -> 0 | D20: =E20/E$38 -> 0 | E20: ='NME-4 Kolom Ringan'!Q20 -> 0 | F20: =G20/G$38 -> 0 | G20: =I20*'Data Komponen'!$D$6 -> 0 | H20: =I20/I$38 -> 0 | I20: =E20 -> 0 | J20: =K20/K$38 -> 0 | K20: =M20*'Data Komponen'!$D$6 -> 0 | L20: =M20/M$38 -> 0 | M20: =0 -> 0
A21: Cl₂ | B21: =C21/C$38 -> 0 | C21: =E21*'Data Komponen'!$D$7 -> 0 | D21: =E21/E$38 -> 0 | E21: ='NME-4 Kolom Ringan'!Q21 -> 0 | F21: =G21/G$38 -> 0 | G21: =I21*'Data Komponen'!$D$7 -> 0 | H21: =I21/I$38 -> 0 | I21: =E21 -> 0 | J21: =K21/K$38 -> 0 | K21: =M21*'Data Komponen'!$D$7 -> 0 | L21: =M21/M$38 -> 0 | M21: =0 -> 0
A22: CₙHₘ | B22: =C22/C$38 -> 0 | C22: =E22*'Data Komponen'!$D$8 -> 0 | D22: =E22/E$38 -> 0 | E22: ='NME-4 Kolom Ringan'!Q22 -> 0 | F22: =G22/G$38 -> 0 | G22: =I22*'Data Komponen'!$D$8 -> 0 | H22: =I22/I$38 -> 0 | I22: =E22 -> 0 | J22: =K22/K$38 -> 0 | K22: =M22*'Data Komponen'!$D$8 -> 0 | L22: =M22/M$38 -> 0 | M22: =0 -> 0
A23: H₂O | B23: =C23/C$38 -> 3.5e-05 | C23: =E23*'Data Komponen'!$D$9 -> 2.6142664 | D23: =E23/E$38 -> 0.00019245724 | E23: ='NME-4 Kolom Ringan'!Q23 -> 0.14511609 | F23: =G23/G$38 -> 3.5207214e-05 | G23: =I23*'Data Komponen'!$D$9 -> 2.6142664 | H23: =I23/I$38 -> 0.00019336704 | I23: =E23 -> 0.14511609 | J23: =K23/K$38 -> 0 | K23: =M23*'Data Komponen'!$D$9 -> 0 | L23: =M23/M$38 -> 0 | M23: =0 -> 0
A24: CₓHᵧCl | B24: =C24/C$38 -> 0 | C24: =E24*'Data Komponen'!$D$10 -> 0 | D24: =E24/E$38 -> 0 | E24: ='NME-4 Kolom Ringan'!Q24 -> 0 | F24: =G24/G$38 -> 0 | G24: =I24*'Data Komponen'!$D$10 -> 0 | H24: =I24/I$38 -> 0 | I24: =E24 -> 0 | J24: =K24/K$38 -> 0 | K24: =M24*'Data Komponen'!$D$10 -> 0 | L24: =M24/M$38 -> 0 | M24: =0 -> 0
A25: Br₂ | B25: =C25/C$38 -> 0 | C25: =E25*'Data Komponen'!$D$11 -> 0 | D25: =E25/E$38 -> 0 | E25: ='NME-4 Kolom Ringan'!Q25 -> 0 | F25: =G25/G$38 -> 0 | G25: =I25*'Data Komponen'!$D$11 -> 0 | H25: =I25/I$38 -> 0 | I25: =E25 -> 0 | J25: =K25/K$38 -> 0 | K25: =M25*'Data Komponen'!$D$11 -> 0 | L25: =M25/M$38 -> 0 | M25: =0 -> 0
A26: NCl₃ | B26: =C26/C$38 -> 0 | C26: =E26*'Data Komponen'!$D$12 -> 0 | D26: =E26/E$38 -> 0 | E26: ='NME-4 Kolom Ringan'!Q26 -> 0 | F26: =G26/G$38 -> 0 | G26: =I26*'Data Komponen'!$D$12 -> 0 | H26: =I26/I$38 -> 0 | I26: =E26 -> 0 | J26: =K26/K$38 -> 0 | K26: =M26*'Data Komponen'!$D$12 -> 0 | L26: =M26/M$38 -> 0 | M26: =0 -> 0
A27: H₂ | B27: =C27/C$38 -> 0 | C27: =E27*'Data Komponen'!$D$13 -> 0 | D27: =E27/E$38 -> 0 | E27: ='NME-4 Kolom Ringan'!Q27 -> 0 | F27: =G27/G$38 -> 0 | G27: =I27*'Data Komponen'!$D$13 -> 0 | H27: =I27/I$38 -> 0 | I27: =E27 -> 0 | J27: =K27/K$38 -> 0 | K27: =M27*'Data Komponen'!$D$13 -> 0 | L27: =M27/M$38 -> 0 | M27: =0 -> 0
A28: O₂ | B28: =C28/C$38 -> 0 | C28: =E28*'Data Komponen'!$D$14 -> 0 | D28: =E28/E$38 -> 0 | E28: ='NME-4 Kolom Ringan'!Q28 -> 0 | F28: =G28/G$38 -> 0 | G28: =I28*'Data Komponen'!$D$14 -> 0 | H28: =I28/I$38 -> 0 | I28: =E28 -> 0 | J28: =K28/K$38 -> 0 | K28: =M28*'Data Komponen'!$D$14 -> 0 | L28: =M28/M$38 -> 0 | M28: =0 -> 0
A29: N₂ | B29: =C29/C$38 -> 0 | C29: =E29*'Data Komponen'!$D$15 -> 0 | D29: =E29/E$38 -> 0 | E29: ='NME-4 Kolom Ringan'!Q29 -> 0 | F29: =G29/G$38 -> 0 | G29: =I29*'Data Komponen'!$D$15 -> 0 | H29: =I29/I$38 -> 0 | I29: =E29 -> 0 | J29: =K29/K$38 -> 0 | K29: =M29*'Data Komponen'!$D$15 -> 0 | L29: =M29/M$38 -> 0 | M29: =0 -> 0
A30: CO₂ | B30: =C30/C$38 -> 0 | C30: =E30*'Data Komponen'!$D$16 -> 0 | D30: =E30/E$38 -> 0 | E30: ='NME-4 Kolom Ringan'!Q30 -> 0 | F30: =G30/G$38 -> 0 | G30: =I30*'Data Komponen'!$D$16 -> 0 | H30: =I30/I$38 -> 0 | I30: =E30 -> 0 | J30: =K30/K$38 -> 0 | K30: =M30*'Data Komponen'!$D$16 -> 0 | L30: =M30/M$38 -> 0 | M30: =0 -> 0
A31: EDC | B31: =C31/C$38 -> 0.9945954 | C31: =E31*'Data Komponen'!$D$17 -> 74289.639 | D31: =E31/E$38 -> 0.99561544 | E31: ='NME-4 Kolom Ringan'!Q31 -> 750.71129 | F31: =G31/G$38 -> 0.99994573 | G31: =I31*'Data Komponen'!$D$17 -> 74249.685 | H31: =I31/I$38 -> 0.99978403 | I31: =E31-M31 -> 750.30756 | J31: =K31/K$38 -> 0.090882731 | K31: =M31*'Data Komponen'!$D$17 -> 39.953047 | L31: =M31/M$38 -> 0.11380176 | M31: =$B$6*'NME-8 Kolom VCM'!I35 -> 0.40373334
A32: TCE | B32: =C32/C$38 -> 9.4991959e-05 | C32: =E32*'Data Komponen'!$D$18 -> 7.0952653 | D32: =E32/E$38 -> 7.0537769e-05 | E32: ='NME-4 Kolom Ringan'!Q32 -> 0.0531867 | F32: =G32/G$38 -> 9.0006031e-06 | G32: =I32*'Data Komponen'!$D$18 -> 0.66832822 | H32: =I32/I$38 -> 6.6756119e-06 | I32: =$B$7*E32 -> 0.005009844 | J32: =K32/K$38 -> 0.014619601 | K32: =M32*'Data Komponen'!$D$18 -> 6.4269371 | L32: =M32/M$38 -> 0.013579783 | M32: =E32-I32 -> 0.048176856
A33: HCl | B33: =C33/C$38 -> 0 | C33: =E33*'Data Komponen'!$D$19 -> 0 | D33: =E33/E$38 -> 0 | E33: ='NME-4 Kolom Ringan'!Q33 -> 0 | F33: =G33/G$38 -> 0 | G33: =I33*'Data Komponen'!$D$19 -> 0 | H33: =I33/I$38 -> 0 | I33: =E33 -> 0 | J33: =K33/K$38 -> 0 | K33: =M33*'Data Komponen'!$D$19 -> 0 | L33: =M33/M$38 -> 0 | M33: =0 -> 0
A34: FeCl₃ | B34: =C34/C$38 -> 1.6521024e-06 | C34: =E34*'Data Komponen'!$D$20 -> 0.12340102 | D34: =E34/E$38 -> 1.0089645e-06 | E34: ='NME-4 Kolom Ringan'!Q34 -> 0.0007607767 | F34: =G34/G$38 -> 0 | G34: =I34*'Data Komponen'!$D$20 -> 0 | H34: =I34/I$38 -> 0 | I34: =0 -> 0 | J34: =K34/K$38 -> 0.00028070505 | K34: =M34*'Data Komponen'!$D$20 -> 0.12340102 | L34: =M34/M$38 -> 0.00021444286 | M34: =E34 -> 0.0007607767
A35: C₂H₅Cl | B35: =C35/C$38 -> 0 | C35: =E35*'Data Komponen'!$D$21 -> 0 | D35: =E35/E$38 -> 0 | E35: ='NME-4 Kolom Ringan'!Q35 -> 0 | F35: =G35/G$38 -> 0 | G35: =I35*'Data Komponen'!$D$21 -> 0 | H35: =I35/I$38 -> 0 | I35: =E35 -> 0 | J35: =K35/K$38 -> 0 | K35: =M35*'Data Komponen'!$D$21 -> 0 | L35: =M35/M$38 -> 0 | M35: =0 -> 0
A36: VCM | B36: =C36/C$38 -> 1e-05 | C36: =E36*'Data Komponen'!$D$22 -> 0.74693326 | D36: =E36/E$38 -> 1.5850186e-05 | E36: ='NME-4 Kolom Ringan'!Q36 -> 0.011951315 | F36: =G36/G$38 -> 1.0059204e-05 | G36: =I36*'Data Komponen'!$D$22 -> 0.74693326 | H36: =I36/I$38 -> 1.5925114e-05 | I36: =E36 -> 0.011951315 | J36: =K36/K$38 -> 0 | K36: =M36*'Data Komponen'!$D$22 -> 0 | L36: =M36/M$38 -> 0 | M36: =0 -> 0
A37: C₄H₈Cl₂ (berat) | B37: =C37/C$38 -> 0.0052629549 | C37: =E37*'Data Komponen'!$D$23 -> 393.10761 | D37: =E37/E$38 -> 0.004104705 | E37: ='NME-4 Kolom Ringan'!Q37 -> 3.0950187 | F37: =G37/G$38 -> 0 | G37: =I37*'Data Komponen'!$D$23 -> 0 | H37: =I37/I$38 -> 0 | I37: =0 -> 0 | J37: =K37/K$38 -> 0.89421696 | K37: =M37*'Data Komponen'!$D$23 -> 393.10761 | L37: =M37/M$38 -> 0.87240401 | M37: =E37 -> 3.0950187
A38: Sub Total | B38: =SUM(B17:B37) -> 1 | C38: =SUM(C17:C37) -> 74693.326 | D38: =SUM(D17:D37) -> 1 | E38: =SUM(E17:E37) -> 754.01732 | F38: =SUM(F17:F37) -> 1 | G38: =SUM(G17:G37) -> 74253.715 | H38: =SUM(H17:H37) -> 1 | I38: =SUM(I17:I37) -> 750.46963 | ... M38: =SUM(M17:M37) -> 3.5476896
A39: TOTAL MASSA | B39: =C38 -> 74693.326 | F39: =G38+K38 -> 74693.326
A40: Selisih (Inlet − Outlet), kg/h | B40: =B39-F39 -> 0
A43: Neraca Energi P-103: Pompa umpan kolom berat
A44: Reference state: unsur pada 25 °C dan 1 atm (metode panas pembentukan)
A45: No. aliran PFD | B45: 33 | D45: 34
A46: Dari | B46: KD-101 | D46: P-103
A47: Ke | B47: P-103 | D47: KD-102
A48: T (K) | B48: ='NME-4 Kolom Ringan'!$H$156 -> 356.59 | D48: =IFERROR(IF(D48<100,$B$48,D48+(B64-D60)/(SUM(D54:D59)*('Data Termo'!$J$20+'Data Termo'!$K$20*D48+'Data Termo'!$L$20*D48^2+'Data Termo'!$M$20*D48^3))),$B$48) -> 356.73339
A49: T (°C) | B49: ='NME-4 Kolom Ringan'!$H$157 -> 83.44 | D49: =IF(ISNUMBER(D48),D48-273.15,"-") -> 83.583385
A50: P (bar abs) | B50: ='NME-4 Kolom Ringan'!$H$158 -> 1.01325 | D50: 2.75
A51: Substance | B51: INLET | D51: OUTLET
B52: Aliran 33 | D52: Aliran 34
B53: ṅᵢ (kmol/h) | C53: Ĥᵢ (kJ/kmol) | D53: ṅᵢ (kmol/h) | E53: Ĥᵢ (kJ/kmol)
A54: H₂O (l) | B54: ='NME-4 Kolom Ringan'!Q23 -> 0.14511609 | C54: ='Data Termo'!$X$12+('Data Termo'!$J$12*($B$48-298.15)+'Data Termo'!$K$12/2*($B$48^2-298.15^2)+'Data Termo'!$L$12/3*($B$48^3-298.15^3)+'Data Termo'!$M$12/4*($B$48^4-298.15^4)) -> -280097.94 | D54: =E23 -> 0.14511609 | E54: ='Data Termo'!$X$12+('Data Termo'!$J$12*($D$48-298.15)+'Data Termo'!$K$12/2*($D$48^2-298.15^2)+'Data Termo'!$L$12/3*($D$48^3-298.15^3)+'Data Termo'!$M$12/4*($D$48^4-298.15^4)) -> -280087.15
A55: EDC (l) | B55: ='NME-4 Kolom Ringan'!Q31 -> 750.71129 | C55: ='Data Termo'!$X$20+('Data Termo'!$J$20*($B$48-298.15)+'Data Termo'!$K$20/2*($B$48^2-298.15^2)+'Data Termo'!$L$20/3*($B$48^3-298.15^3)+'Data Termo'!$M$20/4*($B$48^4-298.15^4)) -> -156965.57 | D55: =E31 -> 750.71129 | E55: ='Data Termo'!$X$20+('Data Termo'!$J$20*($D$48-298.15)+'Data Termo'!$K$20/2*($D$48^2-298.15^2)+'Data Termo'!$L$20/3*($D$48^3-298.15^3)+'Data Termo'!$M$20/4*($D$48^4-298.15^4)) -> -156945.78
A56: TCE (l) | B56: ='NME-4 Kolom Ringan'!Q32 -> 0.0531867 | C56: ='Data Termo'!$X$21+('Data Termo'!$J$21*($B$48-298.15)+'Data Termo'!$K$21/2*($B$48^2-298.15^2)+'Data Termo'!$L$21/3*($B$48^3-298.15^3)+'Data Termo'!$M$21/4*($B$48^4-298.15^4)) -> -167675.35 | D56: =E32 -> 0.0531867 | E56: ='Data Termo'!$X$21+('Data Termo'!$J$21*($D$48-298.15)+'Data Termo'!$K$21/2*($D$48^2-298.15^2)+'Data Termo'!$L$21/3*($D$48^3-298.15^3)+'Data Termo'!$M$21/4*($D$48^4-298.15^4)) -> -167652.14
A57: FeCl₃ (s) | B57: ='NME-4 Kolom Ringan'!Q34 -> 0.0007607767 | C57: ='Data Termo'!$T$23*1000+('Data Termo'!$N$23*($B$48-298.15)+'Data Termo'!$O$23/2*($B$48^2-298.15^2)+'Data Termo'!$P$23/3*($B$48^3-298.15^3)) -> -393579.46 | D57: =E34 -> 0.0007607767 | E57: ='Data Termo'!$T$23*1000+('Data Termo'!$N$23*($D$48-298.15)+'Data Termo'!$O$23/2*($D$48^2-298.15^2)+'Data Termo'!$P$23/3*($D$48^3-298.15^3)) -> -393564.39
A58: VCM (l) | B58: ='NME-4 Kolom Ringan'!Q36 -> 0.011951315 | C58: ='Data Termo'!$X$25+('Data Termo'!$J$25*($B$48-298.15)+'Data Termo'!$K$25/2*($B$48^2-298.15^2)+'Data Termo'!$L$25/3*($B$48^3-298.15^3)+'Data Termo'!$M$25/4*($B$48^4-298.15^4)) -> 13630.566 | D58: =E36 -> 0.011951315 | E58: ='Data Termo'!$X$25+('Data Termo'!$J$25*($D$48-298.15)+'Data Termo'!$K$25/2*($D$48^2-298.15^2)+'Data Termo'!$L$25/3*($D$48^3-298.15^3)+'Data Termo'!$M$25/4*($D$48^4-298.15^4)) -> 13644.831
A59: C₄H₈Cl₂ (berat) (l) | B59: ='NME-4 Kolom Ringan'!Q37 -> 3.0950187 | C59: ='Data Termo'!$X$26+('Data Termo'!$J$26*($B$48-298.15)+'Data Termo'!$K$26/2*($B$48^2-298.15^2)+'Data Termo'!$L$26/3*($B$48^3-298.15^3)+'Data Termo'!$M$26/4*($B$48^4-298.15^4)) -> -213254.01 | D59: =E37 -> 3.0950187 | E59: ='Data Termo'!$X$26+('Data Termo'!$J$26*($D$48-298.15)+'Data Termo'!$K$26/2*($D$48^2-298.15^2)+'Data Termo'!$L$26/3*($D$48^3-298.15^3)+'Data Termo'!$M$26/4*($D$48^4-298.15^4)) -> -213226.05
A60: Sub Total ṅᵢĤᵢ (kJ/h) | B60: =SUMPRODUCT(B54:B59,C54:C59) -> -1.1854555e+08 | D60: =SUMPRODUCT(D54:D59,E54:E59) -> -1.185306e+08
A61: Heat of reaction / heat of mixing | B61: -
A62: Q (kJ/h) | B62: 0
A63: W (kJ/h) | B63: ='NME-4 Kolom Ringan'!O38/(1000*'Data Termo'!$D$33*'Data Termo'!$D$34^(-((1-$B$48/'Data Termo'!$D$36)^'Data Termo'!$D$35)))*MAX(0,($D$50-$B$50)*100)/$B$10 -> 14951.669
A64: TOTAL (kJ/h) | B64: =B60+$B$62+$B$63 -> -1.185306e+08 | D64: =D60 -> -1.185306e+08
A65: Selisih masuk − keluar (kJ/h) | B65: =B64-D64 -> 1.4901161e-08
A66: Q (kW) | B66: =$B$62/3600 -> 0
A67: W (kW) | B67: =$B$63/3600 -> 4.1532413
A70: Neraca Energi KD-102: Kolom berat (kondensor dan reboiler)
A71: Reference state: unsur pada 25 °C dan 1 atm (metode panas pembentukan)
A72: No. aliran PFD | B72: 34 | D72: 35 | F72: 36
A73: Dari | B73: P-103 | D73: KD-102 | F73: KD-102
A74: Ke | B74: KD-102 | D74: UPL | F74: P-104
A75: T (K) | B75: =$D$48 -> 356.73339 | D75: =D76+273.15 -> 400.15 | F75: =F76+273.15 -> 391.15
A76: T (°C) | B76: =$D$49 -> 83.583385 | D76: 127 | F76: 118
A77: P (bar abs) | B77: =$D$50 -> 2.75 | D77: 3 | F77: 2.5
A78: Substance | B78: INLET | D78: OUTLET
B79: Aliran 34 | D79: Aliran 35 | F79: Aliran 36
B80: ṅᵢ (kmol/h) | C80: Ĥᵢ (kJ/kmol) | D80: ṅᵢ (kmol/h) | E80: Ĥᵢ (kJ/kmol) | F80: ṅᵢ (kmol/h) | G80: Ĥᵢ (kJ/kmol)
A81: H₂O (l) | B81: =E23 -> 0.14511609 | C81: ='Data Termo'!$X$12+('Data Termo'!$J$12*($B$75-298.15)+'Data Termo'!$K$12/2*($B$75^2-298.15^2)+'Data Termo'!$L$12/3*($B$75^3-298.15^3)+'Data Termo'!$M$12/4*($B$75^4-298.15^4)) -> -280087.15 | D81: =M23 -> 0 | E81: ='Data Termo'!$X$12+('Data Termo'!$J$12*($D$75-298.15)+'Data Termo'!$K$12/2*($D$75^2-298.15^2)+'Data Termo'!$L$12/3*($D$75^3-298.15^3)+'Data Termo'!$M$12/4*($D$75^4-298.15^4)) -> -276798.25 | F81: =I23 -> 0.14511609 | G81: ='Data Termo'!$X$12+('Data Termo'!$J$12*($F$75-298.15)+'Data Termo'!$K$12/2*($F$75^2-298.15^2)+'Data Termo'!$L$12/3*($F$75^3-298.15^3)+'Data Termo'!$M$12/4*($F$75^4-298.15^4)) -> -277485.22
A82: EDC (l) | B82: =E31 -> 750.71129 | C82: ='Data Termo'!$X$20+('Data Termo'!$J$20*($B$75-298.15)+'Data Termo'!$K$20/2*($B$75^2-298.15^2)+'Data Termo'!$L$20/3*($B$75^3-298.15^3)+'Data Termo'!$M$20/4*($B$75^4-298.15^4)) -> -156945.78 | D82: =M31 -> 0.40373334 | E82: ='Data Termo'!$X$20+('Data Termo'!$J$20*($D$75-298.15)+'Data Termo'!$K$20/2*($D$75^2-298.15^2)+'Data Termo'!$L$20/3*($D$75^3-298.15^3)+'Data Termo'!$M$20/4*($D$75^4-298.15^4)) -> -150759.99 | F82: =I31 -> 750.30756 | G82: ='Data Termo'!$X$20+('Data Termo'!$J$20*($F$75-298.15)+'Data Termo'!$K$20/2*($F$75^2-298.15^2)+'Data Termo'!$L$20/3*($F$75^3-298.15^3)+'Data Termo'!$M$20/4*($F$75^4-298.15^4)) -> -152076.14
A83: TCE (l) | B83: =E32 -> 0.0531867 | C83: ='Data Termo'!$X$21+('Data Termo'!$J$21*($B$75-298.15)+'Data Termo'!$K$21/2*($B$75^2-298.15^2)+'Data Termo'!$L$21/3*($B$75^3-298.15^3)+'Data Termo'!$M$21/4*($B$75^4-298.15^4)) -> -167652.14 | D83: =M32 -> 0.048176856 | E83: ='Data Termo'!$X$21+('Data Termo'!$J$21*($D$75-298.15)+'Data Termo'!$K$21/2*($D$75^2-298.15^2)+'Data Termo'!$L$21/3*($D$75^3-298.15^3)+'Data Termo'!$M$21/4*($D$75^4-298.15^4)) -> -160422.38 | F83: =I32 -> 0.005009844 | G83: ='Data Termo'!$X$21+('Data Termo'!$J$21*($F$75-298.15)+'Data Termo'!$K$21/2*($F$75^2-298.15^2)+'Data Termo'!$L$21/3*($F$75^3-298.15^3)+'Data Termo'!$M$21/4*($F$75^4-298.15^4)) -> -161956.65
A84: FeCl₃ (s) | B84: =E34 -> 0.0007607767 | C84: ='Data Termo'!$T$23*1000+('Data Termo'!$N$23*($B$75-298.15)+'Data Termo'!$O$23/2*($B$75^2-298.15^2)+'Data Termo'!$P$23/3*($B$75^3-298.15^3)) -> -393564.39 | D84: =M34 -> 0.0007607767 | E84: ='Data Termo'!$T$23*1000+('Data Termo'!$N$23*($D$75-298.15)+'Data Termo'!$O$23/2*($D$75^2-298.15^2)+'Data Termo'!$P$23/3*($D$75^3-298.15^3)) -> -388894.69 | F84: =I34 -> 0 | G84: ='Data Termo'!$T$23*1000+('Data Termo'!$N$23*($F$75-298.15)+'Data Termo'!$O$23/2*($F$75^2-298.15^2)+'Data Termo'!$P$23/3*($F$75^3-298.15^3)) -> -389879.64
A85: VCM (l) | B85: =E36 -> 0.011951315 | C85: ='Data Termo'!$X$25+('Data Termo'!$J$25*($B$75-298.15)+'Data Termo'!$K$25/2*($B$75^2-298.15^2)+'Data Termo'!$L$25/3*($B$75^3-298.15^3)+'Data Termo'!$M$25/4*($B$75^4-298.15^4)) -> 13644.831 | D85: =M36 -> 0 | E85: ='Data Termo'!$X$25+('Data Termo'!$J$25*($D$75-298.15)+'Data Termo'!$K$25/2*($D$75^2-298.15^2)+'Data Termo'!$L$25/3*($D$75^3-298.15^3)+'Data Termo'!$M$25/4*($D$75^4-298.15^4)) -> 18272.868 | F85: =I36 -> 0.011951315 | G85: ='Data Termo'!$X$25+('Data Termo'!$J$25*($F$75-298.15)+'Data Termo'!$K$25/2*($F$75^2-298.15^2)+'Data Termo'!$L$25/3*($F$75^3-298.15^3)+'Data Termo'!$M$25/4*($F$75^4-298.15^4)) -> 17258.341
A86: C₄H₈Cl₂ (berat) (l) | B86: =E37 -> 3.0950187 | C86: ='Data Termo'!$X$26+('Data Termo'!$J$26*($B$75-298.15)+'Data Termo'!$K$26/2*($B$75^2-298.15^2)+'Data Termo'!$L$26/3*($B$75^3-298.15^3)+'Data Termo'!$M$26/4*($B$75^4-298.15^4)) -> -213226.05 | D86: =M37 -> 3.0950187 | E86: ='Data Termo'!$X$26+('Data Termo'!$J$26*($D$75-298.15)+'Data Termo'!$K$26/2*($D$75^2-298.15^2)+'Data Termo'!$L$26/3*($D$75^3-298.15^3)+'Data Termo'!$M$26/4*($D$75^4-298.15^4)) -> -204559.23 | F86: =I37 -> 0 | G86: ='Data Termo'!$X$26+('Data Termo'!$J$26*($F$75-298.15)+'Data Termo'!$K$26/2*($F$75^2-298.15^2)+'Data Termo'!$L$26/3*($F$75^3-298.15^3)+'Data Termo'!$M$26/4*($F$75^4-298.15^4)) -> -206390.56
A87: Sub Total ṅᵢĤᵢ (kJ/h) | B87: =SUMPRODUCT(B81:B86,C81:C86) -> -1.185306e+08 | D87: =SUMPRODUCT(D81:D86,E81:E86) -> -702005.98 | F87: =SUMPRODUCT(F81:F86,G81:G86) -> -1.1414475e+08
A88: Heat of reaction / heat of mixing | B88: -
A89: Q kondensor (kJ/h) | B89: =-(1+$B$9)*(F81*('Data Termo'!$Q$12*1000*MAX(0,1-$F$75/'Data Termo'!$R$12)^'Data Termo'!$S$12)+F82*('Data Termo'!$Q$20*1000*MAX(0,1-$F$75/'Data Termo'!$R$20)^'Data Termo'!$S$20)+F83*('Data Termo'!$Q$21*1000*MAX(0,1-$F$75/'Data Termo'!$R$21)^'Data Termo'!$S$21)+F85*('Data Termo'!$Q$25*1000*MAX(0,1-$F$75/'Data Termo'!$R$25)^'Data Termo'!$S$25)) -> -45313163
A90: Q reboiler (kJ/h) | B90: =(D87+F87)-(B87)-$B$89 -> 48997009
A91: W (kJ/h) | B91: 0
A92: TOTAL (kJ/h) | B92: =B87+$B$89+$B$90+$B$91 -> -1.1484676e+08 | D92: =D87+F87 -> -1.1484676e+08
A93: Selisih masuk − keluar (kJ/h) | B93: =B92-D92 -> 0
A94: Q kondensor (kW) | B94: =$B$89/3600 -> -12586.99
A95: Q reboiler (kW) | B95: =$B$90/3600 -> 13610.28
A96: W (kW) | B96: =$B$91/3600 -> 0

Sheet NME-6 Pirolisis
A3: Neraca Massa dan Energi
A4: NM Blok 6: Pirolisis EDC (Furnace + Quench)
A5: Tujuan: | B5: Merengkah EDC menjadi VCM dan HCl
A6: Unjuk Kerja | B6: 0.55 | C6: Konversi EDC
B7: 0.985 | C7: Selektivitas VCM (sisa EDC terkonversi: 2EDC → C₄H₈Cl₂ + Cl₂)
B8: 0.75 | C8: Efisiensi pompa P-104
A10: Basis Perhitungan | B10: ='NME-1 Klorinasi Langsung'!$B$16 -> 6100.5722 | C10: kg/h aliran etilena ke R-01 (NME-1)
A12: Substance | B12: Inlet | F12: Outlet
B13: Aliran 38 | F13: Aliran 39
B14: ẋᵢ | C14: ṁᵢ (kg/h) | D14: ẏᵢ | E14: ṅᵢ (kmol/h) | F14: ẋᵢ | G14: ṁᵢ (kg/h) | H14: ẏᵢ | I14: ṅᵢ (kmol/h)
A15: C₂H₄ | B15: =C15/C$36 -> 0 | C15: =E15*'Data Komponen'!$D$3 -> 0 | D15: =E15/E$36 -> 0 | E15: ='NME-5 Kolom Berat'!I17 -> 0 | F15: =G15/G$36 -> 0 | G15: =I15*'Data Komponen'!$D$3 -> 0 | H15: =I15/I$36 -> 0 | I15: =E15 -> 0
A16: CH₄ | B16: =C16/C$36 -> 0 | C16: =E16*'Data Komponen'!$D$4 -> 0 | D16: =E16/E$36 -> 0 | E16: ='NME-5 Kolom Berat'!I18 -> 0 | F16: =G16/G$36 -> 0 | G16: =I16*'Data Komponen'!$D$4 -> 0 | H16: =I16/I$36 -> 0 | I16: =E16 -> 0
A17: C₂H₆ | B17: =C17/C$36 -> 0 | C17: =E17*'Data Komponen'!$D$5 -> 0 | D17: =E17/E$36 -> 0 | E17: ='NME-5 Kolom Berat'!I19 -> 0 | F17: =G17/G$36 -> 0 | G17: =I17*'Data Komponen'!$D$5 -> 0 | H17: =I17/I$36 -> 0 | I17: =E17 -> 0
A18: C₂H₂ | B18: =C18/C$36 -> 0 | C18: =E18*'Data Komponen'!$D$6 -> 0 | D18: =E18/E$36 -> 0 | E18: ='NME-5 Kolom Berat'!I20 -> 0 | F18: =G18/G$36 -> 0 | G18: =I18*'Data Komponen'!$D$6 -> 0 | H18: =I18/I$36 -> 0 | I18: =E18 -> 0
A19: Cl₂ | B19: =C19/C$36 -> 0 | C19: =E19*'Data Komponen'!$D$7 -> 0 | D19: =E19/E$36 -> 0 | E19: ='NME-5 Kolom Berat'!I21 -> 0 | F19: =G19/G$36 -> 0.0029554386 | G19: =I19*'Data Komponen'!$D$7 -> 219.4523 | H19: =I19/I$36 -> 0.0026751562 | I19: =E19+(1-$B$7)/2*$B$6*E29 -> 3.0950187
A20: CₙHₘ | B20: =C20/C$36 -> 0 | C20: =E20*'Data Komponen'!$D$8 -> 0 | D20: =E20/E$36 -> 0 | E20: ='NME-5 Kolom Berat'!I22 -> 0 | F20: =G20/G$36 -> 0 | G20: =I20*'Data Komponen'!$D$8 -> 0 | H20: =I20/I$36 -> 0 | I20: =E20 -> 0
A21: H₂O | B21: =C21/C$36 -> 3.5207214e-05 | C21: =E21*'Data Komponen'!$D$9 -> 2.6142664 | D21: =E21/E$36 -> 0.00019336704 | E21: ='NME-5 Kolom Berat'!I23 -> 0.14511609 | F21: =G21/G$36 -> 3.5207214e-05 | G21: =I21*'Data Komponen'!$D$9 -> 2.6142664 | H21: =I21/I$36 -> 0.00012543001 | I21: =E21 -> 0.14511609
A22: CₓHᵧCl | B22: =C22/C$36 -> 0 | C22: =E22*'Data Komponen'!$D$10 -> 0 | D22: =E22/E$36 -> 0 | E22: ='NME-5 Kolom Berat'!I24 -> 0 | F22: =G22/G$36 -> 0 | G22: =I22*'Data Komponen'!$D$10 -> 0 | H22: =I22/I$36 -> 0 | I22: =E22 -> 0
A23: Br₂ | B23: =C23/C$36 -> 0 | C23: =E23*'Data Komponen'!$D$11 -> 0 | D23: =E23/E$36 -> 0 | E23: ='NME-5 Kolom Berat'!I25 -> 0 | F23: =G23/G$36 -> 0 | G23: =I23*'Data Komponen'!$D$11 -> 0 | H23: =I23/I$36 -> 0 | I23: =E23 -> 0
A24: NCl₃ | B24: =C24/C$36 -> 0 | C24: =E24*'Data Komponen'!$D$12 -> 0 | D24: =E24/E$36 -> 0 | E24: ='NME-5 Kolom Berat'!I26 -> 0 | F24: =G24/G$36 -> 0 | G24: =I24*'Data Komponen'!$D$12 -> 0 | H24: =I24/I$36 -> 0 | I24: =E24 -> 0
A25: H₂ | B25: =C25/C$36 -> 0 | C25: =E25*'Data Komponen'!$D$13 -> 0 | D25: =E25/E$36 -> 0 | E25: ='NME-5 Kolom Berat'!I27 -> 0 | F25: =G25/G$36 -> 0 | G25: =I25*'Data Komponen'!$D$13 -> 0 | H25: =I25/I$36 -> 0 | I25: =E25 -> 0
A26: O₂ | B26: =C26/C$36 -> 0 | C26: =E26*'Data Komponen'!$D$14 -> 0 | D26: =E26/E$36 -> 0 | E26: ='NME-5 Kolom Berat'!I28 -> 0 | F26: =G26/G$36 -> 0 | G26: =I26*'Data Komponen'!$D$14 -> 0 | H26: =I26/I$36 -> 0 | I26: =E26 -> 0
A27: N₂ | B27: =C27/C$36 -> 0 | C27: =E27*'Data Komponen'!$D$15 -> 0 | D27: =E27/E$36 -> 0 | E27: ='NME-5 Kolom Berat'!I29 -> 0 | F27: =G27/G$36 -> 0 | G27: =I27*'Data Komponen'!$D$15 -> 0 | H27: =I27/I$36 -> 0 | I27: =E27 -> 0
A28: CO₂ | B28: =C28/C$36 -> 0 | C28: =E28*'Data Komponen'!$D$16 -> 0 | D28: =E28/E$36 -> 0 | E28: ='NME-5 Kolom Berat'!I30 -> 0 | F28: =G28/G$36 -> 0 | G28: =I28*'Data Komponen'!$D$16 -> 0 | H28: =I28/I$36 -> 0 | I28: =E28 -> 0
A29: EDC | B29: =C29/C$36 -> 0.99994573 | C29: =E29*'Data Komponen'!$D$17 -> 74249.685 | D29: =E29/E$36 -> 0.99978403 | E29: ='NME-5 Kolom Berat'!I31 -> 750.30756 | F29: =G29/G$36 -> 0.44997558 | G29: =I29*'Data Komponen'!$D$17 -> 33412.358 | H29: =I29/I$36 -> 0.29183523 | I29: =E29*(1-$B$6) -> 337.6384
A30: TCE | B30: =C30/C$36 -> 9.0006031e-06 | C30: =E30*'Data Komponen'!$D$18 -> 0.66832822 | D30: =E30/E$36 -> 6.6756119e-06 | E30: ='NME-5 Kolom Berat'!I32 -> 0.005009844 | F30: =G30/G$36 -> 9.0006031e-06 | G30: =I30*'Data Komponen'!$D$18 -> 0.66832822 | H30: =I30/I$36 -> 4.3302212e-06 | I30: =E30 -> 0.005009844
A31: HCl | B31: =C31/C$36 -> 0 | C31: =E31*'Data Komponen'!$D$19 -> 0 | D31: =E31/E$36 -> 0 | E31: ='NME-5 Kolom Berat'!I33 -> 0 | F31: =G31/G$36 -> 0.19959453 | G31: =I31*'Data Komponen'!$D$19 -> 14820.635 | H31: =I31/I$36 -> 0.35133719 | I31: =E31+$B$7*$B$6*E29 -> 406.47912
A32: FeCl₃ | B32: =C32/C$36 -> 0 | C32: =E32*'Data Komponen'!$D$20 -> 0 | D32: =E32/E$36 -> 0 | E32: ='NME-5 Kolom Berat'!I34 -> 0 | F32: =G32/G$36 -> 0 | G32: =I32*'Data Komponen'!$D$20 -> 0 | H32: =I32/I$36 -> 0 | I32: =E32 -> 0
A33: C₂H₅Cl | B33: =C33/C$36 -> 0 | C33: =E33*'Data Komponen'!$D$21 -> 0 | D33: =E33/E$36 -> 0 | E33: ='NME-5 Kolom Berat'!I35 -> 0 | F33: =G33/G$36 -> 0 | G33: =I33*'Data Komponen'!$D$21 -> 0 | H33: =I33/I$36 -> 0 | I33: =E33 -> 0
A34: VCM | B34: =C34/C$36 -> 1.0059204e-05 | C34: =E34*'Data Komponen'!$D$22 -> 0.74693326 | D34: =E34/E$36 -> 1.5925114e-05 | E34: ='NME-5 Kolom Berat'!I36 -> 0.011951315 | F34: =G34/G$36 -> 0.34213613 | G34: =I34*'Data Komponen'!$D$22 -> 25404.879 | H34: =I34/I$36 -> 0.35134752 | I34: =E34+$B$7*$B$6*E29 -> 406.49107
A35: C₄H₈Cl₂ (berat) | B35: =C35/C$36 -> 0 | C35: =E35*'Data Komponen'!$D$23 -> 0 | D35: =E35/E$36 -> 0 | E35: ='NME-5 Kolom Berat'!I37 -> 0 | F35: =G35/G$36 -> 0.0052941137 | G35: =I35*'Data Komponen'!$D$23 -> 393.10761 | H35: =I35/I$36 -> 0.0026751562 | I35: =E35+(1-$B$7)/2*$B$6*E29 -> 3.0950187
A36: Sub Total | B36: =SUM(B15:B35) -> 1 | C36: =SUM(C15:C35) -> 74253.715 | D36: =SUM(D15:D35) -> 1 | E36: =SUM(E15:E35) -> 750.46963 | F36: =SUM(F15:F35) -> 1 | G36: =SUM(G15:G35) -> 74253.715 | H36: =SUM(H15:H35) -> 1 | I36: =SUM(I15:I35) -> 1156.9488
A37: TOTAL MASSA | B37: =C36 -> 74253.715 | F37: =G36 -> 74253.715
A38: Selisih (Inlet − Outlet), kg/h | B38: =B37-F37 -> 0
A41: Neraca Energi P-104: Pompa umpan furnace
A42: Reference state: unsur pada 25 °C dan 1 atm (metode panas pembentukan)
A43: No. aliran PFD | B43: 36 | D43: 37
A44: Dari | B44: KD-102 | D44: P-104
A45: Ke | B45: P-104 | D45: E-107
A46: T (K) | B46: ='NME-5 Kolom Berat'!$F$75 -> 391.15 | D46: =IFERROR(IF(D46<100,$B$46,D46+(B60-D56)/(SUM(D52:D55)*('Data Termo'!$J$20+'Data Termo'!$K$20*D46+'Data Termo'!$L$20*D46^2+'Data Termo'!$M$20*D46^3))),$B$46) -> 392.3475
A47: T (°C) | B47: ='NME-5 Kolom Berat'!$F$76 -> 118 | D47: =IF(ISNUMBER(D46),D46-273.15,"-") -> 119.1975
A48: P (bar abs) | B48: ='NME-5 Kolom Berat'!$F$77 -> 2.5 | D48: 17
A49: Substance | B49: INLET | D49: OUTLET
B50: Aliran 36 | D50: Aliran 37
B51: ṅᵢ (kmol/h) | C51: Ĥᵢ (kJ/kmol) | D51: ṅᵢ (kmol/h) | E51: Ĥᵢ (kJ/kmol)
A52: H₂O (l) | B52: ='NME-5 Kolom Berat'!I23 -> 0.14511609 | C52: ='Data Termo'!$X$12+('Data Termo'!$J$12*($B$46-298.15)+'Data Termo'!$K$12/2*($B$46^2-298.15^2)+'Data Termo'!$L$12/3*($B$46^3-298.15^3)+'Data Termo'!$M$12/4*($B$46^4-298.15^4)) -> -277485.22 | D52: ='NME-5 Kolom Berat'!I23 -> 0.14511609 | E52: ='Data Termo'!$X$12+('Data Termo'!$J$12*($D$46-298.15)+'Data Termo'!$K$12/2*($D$46^2-298.15^2)+'Data Termo'!$L$12/3*($D$46^3-298.15^3)+'Data Termo'!$M$12/4*($D$46^4-298.15^4)) -> -277394.02
A53: EDC (l) | B53: ='NME-5 Kolom Berat'!I31 -> 750.30756 | C53: ='Data Termo'!$X$20+('Data Termo'!$J$20*($B$46-298.15)+'Data Termo'!$K$20/2*($B$46^2-298.15^2)+'Data Termo'!$L$20/3*($B$46^3-298.15^3)+'Data Termo'!$M$20/4*($B$46^4-298.15^4)) -> -152076.14 | D53: ='NME-5 Kolom Berat'!I31 -> 750.30756 | E53: ='Data Termo'!$X$20+('Data Termo'!$J$20*($D$46-298.15)+'Data Termo'!$K$20/2*($D$46^2-298.15^2)+'Data Termo'!$L$20/3*($D$46^3-298.15^3)+'Data Termo'!$M$20/4*($D$46^4-298.15^4)) -> -151902.13
A54: TCE (l) | B54: ='NME-5 Kolom Berat'!I32 -> 0.005009844 | C54: ='Data Termo'!$X$21+('Data Termo'!$J$21*($B$46-298.15)+'Data Termo'!$K$21/2*($B$46^2-298.15^2)+'Data Termo'!$L$21/3*($B$46^3-298.15^3)+'Data Termo'!$M$21/4*($B$46^4-298.15^4)) -> -161956.65 | D54: ='NME-5 Kolom Berat'!I32 -> 0.005009844 | E54: ='Data Termo'!$X$21+('Data Termo'!$J$21*($D$46-298.15)+'Data Termo'!$K$21/2*($D$46^2-298.15^2)+'Data Termo'!$L$21/3*($D$46^3-298.15^3)+'Data Termo'!$M$21/4*($D$46^4-298.15^4)) -> -161753.66
A55: VCM (l) | B55: ='NME-5 Kolom Berat'!I36 -> 0.011951315 | C55: ='Data Termo'!$X$25+('Data Termo'!$J$25*($B$46-298.15)+'Data Termo'!$K$25/2*($B$46^2-298.15^2)+'Data Termo'!$L$25/3*($B$46^3-298.15^3)+'Data Termo'!$M$25/4*($B$46^4-298.15^4)) -> 17258.341 | D55: ='NME-5 Kolom Berat'!I36 -> 0.011951315 | E55: ='Data Termo'!$X$25+('Data Termo'!$J$25*($D$46-298.15)+'Data Termo'!$K$25/2*($D$46^2-298.15^2)+'Data Termo'!$L$25/3*($D$46^3-298.15^3)+'Data Termo'!$M$25/4*($D$46^4-298.15^4)) -> 17391.515
A56: Sub Total ṅᵢĤᵢ (kJ/h) | B56: =SUMPRODUCT(B52:B55,C52:C55) -> -1.1414475e+08 | D56: =SUMPRODUCT(D52:D55,E52:E55) -> -1.1401417e+08
A57: Heat of reaction / heat of mixing | B57: -
A58: Q (kJ/h) | B58: 0
A59: W (kJ/h) | B59: ='NME-5 Kolom Berat'!G38/(1000*'Data Termo'!$D$33*'Data Termo'!$D$34^(-((1-$B$46/'Data Termo'!$D$36)^'Data Termo'!$D$35)))*MAX(0,($D$48-$B$48)*100)/$B$8 -> 130578.15
A60: TOTAL (kJ/h) | B60: =B56+$B$58+$B$59 -> -1.1401417e+08 | D60: =D56 -> -1.1401417e+08
A61: Selisih masuk − keluar (kJ/h) | B61: =B60-D60 -> -1.4901161e-08
A62: Q (kW) | B62: =$B$58/3600 -> 0
A63: W (kW) | B63: =$B$59/3600 -> 36.27171
A66: Neraca Energi E-107: Economizer umpan furnace
A67: Reference state: unsur pada 25 °C dan 1 atm (metode panas pembentukan)
A68: No. aliran PFD | B68: 37 | D68: 38
A69: Dari | B69: P-104 | D69: E-107
A70: Ke | B70: E-107 | D70: F-101
A71: T (K) | B71: =$D$46 -> 392.3475 | D71: =D72+273.15 -> 463.15
A72: T (°C) | B72: =$D$47 -> 119.1975 | D72: 190
A73: P (bar abs) | B73: =$D$48 -> 17 | D73: 17
A74: Substance | B74: INLET | D74: OUTLET
B75: Aliran 37 | D75: Aliran 38
B76: ṅᵢ (kmol/h) | C76: Ĥᵢ (kJ/kmol) | D76: ṅᵢ (kmol/h) | E76: Ĥᵢ (kJ/kmol)
A77: H₂O (l) | B77: ='NME-5 Kolom Berat'!I23 -> 0.14511609 | C77: ='Data Termo'!$X$12+('Data Termo'!$J$12*($B$71-298.15)+'Data Termo'!$K$12/2*($B$71^2-298.15^2)+'Data Termo'!$L$12/3*($B$71^3-298.15^3)+'Data Termo'!$M$12/4*($B$71^4-298.15^4)) -> -277394.02 | D77: =E21 -> 0.14511609 | E77: ='Data Termo'!$X$12+('Data Termo'!$J$12*($D$71-298.15)+'Data Termo'!$K$12/2*($D$71^2-298.15^2)+'Data Termo'!$L$12/3*($D$71^3-298.15^3)+'Data Termo'!$M$12/4*($D$71^4-298.15^4)) -> -271843.31
A78: EDC (l) | B78: ='NME-5 Kolom Berat'!I31 -> 750.30756 | C78: ='Data Termo'!$X$20+('Data Termo'!$J$20*($B$71-298.15)+'Data Termo'!$K$20/2*($B$71^2-298.15^2)+'Data Termo'!$L$20/3*($B$71^3-298.15^3)+'Data Termo'!$M$20/4*($B$71^4-298.15^4)) -> -151902.13 | D78: =E29 -> 750.30756 | E78: ='Data Termo'!$X$20+('Data Termo'!$J$20*($D$71-298.15)+'Data Termo'!$K$20/2*($D$71^2-298.15^2)+'Data Termo'!$L$20/3*($D$71^3-298.15^3)+'Data Termo'!$M$20/4*($D$71^4-298.15^4)) -> -140901.47
A79: TCE (l) | B79: ='NME-5 Kolom Berat'!I32 -> 0.005009844 | C79: ='Data Termo'!$X$21+('Data Termo'!$J$21*($B$71-298.15)+'Data Termo'!$K$21/2*($B$71^2-298.15^2)+'Data Termo'!$L$21/3*($B$71^3-298.15^3)+'Data Termo'!$M$21/4*($B$71^4-298.15^4)) -> -161753.66 | D79: =E30 -> 0.005009844 | E79: ='Data Termo'!$X$21+('Data Termo'!$J$21*($D$71-298.15)+'Data Termo'!$K$21/2*($D$71^2-298.15^2)+'Data Termo'!$L$21/3*($D$71^3-298.15^3)+'Data Termo'!$M$21/4*($D$71^4-298.15^4)) -> -149022.1
A80: VCM (l) | B80: ='NME-5 Kolom Berat'!I36 -> 0.011951315 | C80: ='Data Termo'!$X$25+('Data Termo'!$J$25*($B$71-298.15)+'Data Termo'!$K$25/2*($B$71^2-298.15^2)+'Data Termo'!$L$25/3*($B$71^3-298.15^3)+'Data Termo'!$M$25/4*($B$71^4-298.15^4)) -> 17391.515 | D80: =E34 -> 0.011951315 | E80: ='Data Termo'!$X$25+('Data Termo'!$J$25*($D$71-298.15)+'Data Termo'!$K$25/2*($D$71^2-298.15^2)+'Data Termo'!$L$25/3*($D$71^3-298.15^3)+'Data Termo'!$M$25/4*($D$71^4-298.15^4)) -> 26417.44
A81: Sub Total ṅᵢĤᵢ (kJ/h) | B81: =SUMPRODUCT(B77:B80,C77:C80) -> -1.1401417e+08 | D81: =SUMPRODUCT(D77:D80,E77:E80) -> -1.0575932e+08
A82: Heat of reaction / heat of mixing | B82: -
A83: Q (kJ/h) | B83: =(D81)-(B81) -> 8254853.7
A84: W (kJ/h) | B84: 0
A85: TOTAL (kJ/h) | B85: =B81+$B$83+$B$84 -> -1.0575932e+08 | D85: =D81 -> -1.0575932e+08
A86: Selisih masuk − keluar (kJ/h) | B86: =B85-D85 -> 0
A87: Q (kW) | B87: =$B$83/3600 -> 2293.0149
A88: W (kW) | B88: =$B$84/3600 -> 0
A91: Neraca Energi F-101: Furnace pirolisis (penguapan, pemanasan, reaksi)
A92: Reference state: unsur pada 25 °C dan 1 atm (metode panas pembentukan)
A93: No. aliran PFD | B93: 38 | D93: 39
A94: Dari | B94: E-107 | D94: F-101
A95: Ke | B95: F-101 | D95: Q-101
A96: T (K) | B96: =$D$71 -> 463.15 | D96: =D97+273.15 -> 789.15
A97: T (°C) | B97: =$D$72 -> 190 | D97: 516
A98: P (bar abs) | B98: =$D$73 -> 17 | D98: 13
A99: Substance | B99: INLET | D99: OUTLET
B100: Aliran 38 | D100: Aliran 39
B101: ṅᵢ (kmol/h) | C101: Ĥᵢ (kJ/kmol) | D101: ṅᵢ (kmol/h) | E101: Ĥᵢ (kJ/kmol)
A102: Cl₂ (l / g) | B102: =E19 -> 0 | C102: ='Data Termo'!$X$10+('Data Termo'!$J$10*($B$96-298.15)+'Data Termo'!$K$10/2*($B$96^2-298.15^2)+'Data Termo'!$L$10/3*($B$96^3-298.15^3)+'Data Termo'!$M$10/4*($B$96^4-298.15^4)) -> -788.19371 | D102: =I19 -> 3.0950187 | E102: ='Data Termo'!$W$10+('Data Termo'!$E$10*($D$96-298.15)+'Data Termo'!$F$10/2*($D$96^2-298.15^2)+'Data Termo'!$G$10/3*($D$96^3-298.15^3)+'Data Termo'!$H$10/4*($D$96^4-298.15^4)+'Data Termo'!$I$10/5*($D$96^5-298.15^5)) -> 17666.021
A103: H₂O (l / g) | B103: =E21 -> 0.14511609 | C103: ='Data Termo'!$X$12+('Data Termo'!$J$12*($B$96-298.15)+'Data Termo'!$K$12/2*($B$96^2-298.15^2)+'Data Termo'!$L$12/3*($B$96^3-298.15^3)+'Data Termo'!$M$12/4*($B$96^4-298.15^4)) -> -271843.31 | D103: =I21 -> 0.14511609 | E103: ='Data Termo'!$W$12+('Data Termo'!$E$12*($D$96-298.15)+'Data Termo'!$F$12/2*($D$96^2-298.15^2)+'Data Termo'!$G$12/3*($D$96^3-298.15^3)+'Data Termo'!$H$12/4*($D$96^4-298.15^4)+'Data Termo'!$I$12/5*($D$96^5-298.15^5)) -> -224219.91
A104: EDC (l / g) | B104: =E29 -> 750.30756 | C104: ='Data Termo'!$X$20+('Data Termo'!$J$20*($B$96-298.15)+'Data Termo'!$K$20/2*($B$96^2-298.15^2)+'Data Termo'!$L$20/3*($B$96^3-298.15^3)+'Data Termo'!$M$20/4*($B$96^4-298.15^4)) -> -140901.47 | D104: =I29 -> 337.6384 | E104: ='Data Termo'!$W$20+('Data Termo'!$E$20*($D$96-298.15)+'Data Termo'!$F$20/2*($D$96^2-298.15^2)+'Data Termo'!$G$20/3*($D$96^3-298.15^3)+'Data Termo'!$H$20/4*($D$96^4-298.15^4)+'Data Termo'!$I$20/5*($D$96^5-298.15^5)) -> -77136.614
A105: TCE (l / g) | B105: =E30 -> 0.005009844 | C105: ='Data Termo'!$X$21+('Data Termo'!$J$21*($B$96-298.15)+'Data Termo'!$K$21/2*($B$96^2-298.15^2)+'Data Termo'!$L$21/3*($B$96^3-298.15^3)+'Data Termo'!$M$21/4*($B$96^4-298.15^4)) -> -149022.1 | D105: =I30 -> 0.005009844 | E105: ='Data Termo'!$W$21+('Data Termo'!$E$21*($D$96-298.15)+'Data Termo'!$F$21/2*($D$96^2-298.15^2)+'Data Termo'!$G$21/3*($D$96^3-298.15^3)+'Data Termo'!$H$21/4*($D$96^4-298.15^4)+'Data Termo'!$I$21/5*($D$96^5-298.15^5)) -> -80416.856
A106: HCl (l / g) | B106: =E31 -> 0 | C106: ='Data Termo'!$X$22+('Data Termo'!$J$22*($B$96-298.15)+'Data Termo'!$K$22/2*($B$96^2-298.15^2)+'Data Termo'!$L$22/3*($B$96^3-298.15^3)+'Data Termo'!$M$22/4*($B$96^4-298.15^4)) -> -71014.761 | D106: =I31 -> 406.47912 | E106: ='Data Termo'!$W$22+('Data Termo'!$E$22*($D$96-298.15)+'Data Termo'!$F$22/2*($D$96^2-298.15^2)+'Data Termo'!$G$22/3*($D$96^3-298.15^3)+'Data Termo'!$H$22/4*($D$96^4-298.15^4)+'Data Termo'!$I$22/5*($D$96^5-298.15^5)) -> -77783.991
A107: VCM (l / g) | B107: =E34 -> 0.011951315 | C107: ='Data Termo'!$X$25+('Data Termo'!$J$25*($B$96-298.15)+'Data Termo'!$K$25/2*($B$96^2-298.15^2)+'Data Termo'!$L$25/3*($B$96^3-298.15^3)+'Data Termo'!$M$25/4*($B$96^4-298.15^4)) -> 26417.44 | D107: =I34 -> 406.49107 | E107: ='Data Termo'!$W$25+('Data Termo'!$E$25*($D$96-298.15)+'Data Termo'!$F$25/2*($D$96^2-298.15^2)+'Data Termo'!$G$25/3*($D$96^3-298.15^3)+'Data Termo'!$H$25/4*($D$96^4-298.15^4)+'Data Termo'!$I$25/5*($D$96^5-298.15^5)) -> 65910.086
A108: C₄H₈Cl₂ (berat) (l / g) | B108: =E35 -> 0 | C108: ='Data Termo'!$X$26+('Data Termo'!$J$26*($B$96-298.15)+'Data Termo'!$K$26/2*($B$96^2-298.15^2)+'Data Termo'!$L$26/3*($B$96^3-298.15^3)+'Data Termo'!$M$26/4*($B$96^4-298.15^4)) -> -191114.49 | D108: =I35 -> 3.0950187 | E108: ='Data Termo'!$W$26+('Data Termo'!$E$26*($D$96-298.15)+'Data Termo'!$F$26/2*($D$96^2-298.15^2)+'Data Termo'!$G$26/3*($D$96^3-298.15^3)+'Data Termo'!$H$26/4*($D$96^4-298.15^4)+'Data Termo'!$I$26/5*($D$96^5-298.15^5)) -> -92279.659
A109: Sub Total ṅᵢĤᵢ (kJ/h) | B109: =SUMPRODUCT(B102:B108,C102:C108) -> -1.0575932e+08 | D109: =SUMPRODUCT(D102:D108,E102:E108) -> -31133861
A110: Heat of reaction / heat of mixing | B110: Sudah termasuk dalam Ĥᵢ (metode panas pembentukan)
...

Sheet NME-7 Kolom HCl
A3: Neraca Massa dan Energi
A4: NM Blok 7: Pemisahan HCl (Kolom HCl)
A5: Tujuan: | B5: Memisahkan HCl (distilat) untuk didaur ulang ke oksiklorinasi
A6: Unjuk Kerja | B6: =0.5/1000000 -> 5e-07 | C6: Kadar HCl dalam VCM produk (fraksi berat)
B7: =100/1000000 -> 0.0001 | C7: Kadar VCM dalam HCl daur ulang (fraksi mol)
B8: 1000 | C8: Laju refluks kolom HCl KD-103 (kg/h)
A10: Basis Perhitungan | B10: ='NME-1 Klorinasi Langsung'!$B$16 -> 6100.5722 | C10: kg/h aliran etilena ke R-01 (NME-1)
A12: Substance | B12: Inlet | F12: Outlet
B13: Aliran 41 | F13: Aliran 42 | J13: Aliran 45
B14: ẋᵢ | C14: ṁᵢ (kg/h) | D14: ẏᵢ | E14: ṅᵢ (kmol/h) | F14: ẋᵢ | G14: ṁᵢ (kg/h) | H14: ẏᵢ | I14: ṅᵢ (kmol/h) | J14: ẋᵢ | K14: ṁᵢ (kg/h) | L14: ẏᵢ | M14: ṅᵢ (kmol/h)
A15: C₂H₄ | B15: =C15/C$36 -> 0 | C15: =E15*'Data Komponen'!$D$3 -> 0 | D15: =E15/E$36 -> 0 | E15: ='NME-6 Pirolisis'!I15 -> 0 | F15: =G15/G$36 -> 0 | G15: =I15*'Data Komponen'!$D$3 -> 0 | H15: =I15/I$36 -> 0 | I15: =0 -> 0 | J15: =K15/K$36 -> 0 | K15: =M15*'Data Komponen'!$D$3 -> 0 | L15: =M15/M$36 -> 0 | M15: =E15 -> 0
A16: CH₄ | B16: =C16/C$36 -> 0 | C16: =E16*'Data Komponen'!$D$4 -> 0 | D16: =E16/E$36 -> 0 | E16: ='NME-6 Pirolisis'!I16 -> 0 | F16: =G16/G$36 -> 0 | G16: =I16*'Data Komponen'!$D$4 -> 0 | H16: =I16/I$36 -> 0 | I16: =0 -> 0 | J16: =K16/K$36 -> 0 | K16: =M16*'Data Komponen'!$D$4 -> 0 | L16: =M16/M$36 -> 0 | M16: =E16 -> 0
A17: C₂H₆ | B17: =C17/C$36 -> 0 | C17: =E17*'Data Komponen'!$D$5 -> 0 | D17: =E17/E$36 -> 0 | E17: ='NME-6 Pirolisis'!I17 -> 0 | F17: =G17/G$36 -> 0 | G17: =I17*'Data Komponen'!$D$5 -> 0 | H17: =I17/I$36 -> 0 | I17: =0 -> 0 | J17: =K17/K$36 -> 0 | K17: =M17*'Data Komponen'!$D$5 -> 0 | L17: =M17/M$36 -> 0 | M17: =E17 -> 0
A18: C₂H₂ | B18: =C18/C$36 -> 0 | C18: =E18*'Data Komponen'!$D$6 -> 0 | D18: =E18/E$36 -> 0 | E18: ='NME-6 Pirolisis'!I18 -> 0 | F18: =G18/G$36 -> 0 | G18: =I18*'Data Komponen'!$D$6 -> 0 | H18: =I18/I$36 -> 0 | I18: =0 -> 0 | J18: =K18/K$36 -> 0 | K18: =M18*'Data Komponen'!$D$6 -> 0 | L18: =M18/M$36 -> 0 | M18: =E18 -> 0
A19: Cl₂ | B19: =C19/C$36 -> 0.0029554386 | C19: =E19*'Data Komponen'!$D$7 -> 219.4523 | D19: =E19/E$36 -> 0.0026751562 | E19: ='NME-6 Pirolisis'!I19 -> 3.0950187 | F19: =G19/G$36 -> 0.014588688 | G19: =I19*'Data Komponen'!$D$7 -> 219.4523 | H19: =I19/I$36 -> 0.0075559258 | I19: =E19 -> 3.0950187 | J19: =K19/K$36 -> 0 | K19: =M19*'Data Komponen'!$D$7 -> 0 | L19: =M19/M$36 -> 0 | M19: =0 -> 0
A20: CₙHₘ | B20: =C20/C$36 -> 0 | C20: =E20*'Data Komponen'!$D$8 -> 0 | D20: =E20/E$36 -> 0 | E20: ='NME-6 Pirolisis'!I20 -> 0 | F20: =G20/G$36 -> 0 | G20: =I20*'Data Komponen'!$D$8 -> 0 | H20: =I20/I$36 -> 0 | I20: =0 -> 0 | J20: =K20/K$36 -> 0 | K20: =M20*'Data Komponen'!$D$8 -> 0 | L20: =M20/M$36 -> 0 | M20: =E20 -> 0
A21: H₂O | B21: =C21/C$36 -> 3.5207214e-05 | C21: =E21*'Data Komponen'!$D$9 -> 2.6142664 | D21: =E21/E$36 -> 0.00012543001 | E21: ='NME-6 Pirolisis'!I21 -> 0.14511609 | F21: =G21/G$36 -> 0 | G21: =I21*'Data Komponen'!$D$9 -> 0 | H21: =I21/I$36 -> 0 | I21: =0 -> 0 | J21: =K21/K$36 -> 4.4151642e-05 | K21: =M21*'Data Komponen'!$D$9 -> 2.6142664 | L21: =M21/M$36 -> 0.00019417836 | M21: =E21 -> 0.14511609
A22: CₓHᵧCl | B22: =C22/C$36 -> 0 | C22: =E22*'Data Komponen'!$D$10 -> 0 | D22: =E22/E$36 -> 0 | E22: ='NME-6 Pirolisis'!I22 -> 0 | F22: =G22/G$36 -> 0 | G22: =I22*'Data Komponen'!$D$10 -> 0 | H22: =I22/I$36 -> 0 | I22: =0 -> 0 | J22: =K22/K$36 -> 0 | K22: =M22*'Data Komponen'!$D$10 -> 0 | L22: =M22/M$36 -> 0 | M22: =E22 -> 0
A23: Br₂ | B23: =C23/C$36 -> 0 | C23: =E23*'Data Komponen'!$D$11 -> 0 | D23: =E23/E$36 -> 0 | E23: ='NME-6 Pirolisis'!I23 -> 0 | F23: =G23/G$36 -> 0 | G23: =I23*'Data Komponen'!$D$11 -> 0 | H23: =I23/I$36 -> 0 | I23: =0 -> 0 | J23: =K23/K$36 -> 0 | K23: =M23*'Data Komponen'!$D$11 -> 0 | L23: =M23/M$36 -> 0 | M23: =E23 -> 0
A24: NCl₃ | B24: =C24/C$36 -> 0 | C24: =E24*'Data Komponen'!$D$12 -> 0 | D24: =E24/E$36 -> 0 | E24: ='NME-6 Pirolisis'!I24 -> 0 | F24: =G24/G$36 -> 0 | G24: =I24*'Data Komponen'!$D$12 -> 0 | H24: =I24/I$36 -> 0 | I24: =0 -> 0 | J24: =K24/K$36 -> 0 | K24: =M24*'Data Komponen'!$D$12 -> 0 | L24: =M24/M$36 -> 0 | M24: =E24 -> 0
A25: H₂ | B25: =C25/C$36 -> 0 | C25: =E25*'Data Komponen'!$D$13 -> 0 | D25: =E25/E$36 -> 0 | E25: ='NME-6 Pirolisis'!I25 -> 0 | F25: =G25/G$36 -> 0 | G25: =I25*'Data Komponen'!$D$13 -> 0 | H25: =I25/I$36 -> 0 | I25: =0 -> 0 | J25: =K25/K$36 -> 0 | K25: =M25*'Data Komponen'!$D$13 -> 0 | L25: =M25/M$36 -> 0 | M25: =E25 -> 0
A26: O₂ | B26: =C26/C$36 -> 0 | C26: =E26*'Data Komponen'!$D$14 -> 0 | D26: =E26/E$36 -> 0 | E26: ='NME-6 Pirolisis'!I26 -> 0 | F26: =G26/G$36 -> 0 | G26: =I26*'Data Komponen'!$D$14 -> 0 | H26: =I26/I$36 -> 0 | I26: =0 -> 0 | J26: =K26/K$36 -> 0 | K26: =M26*'Data Komponen'!$D$14 -> 0 | L26: =M26/M$36 -> 0 | M26: =E26 -> 0
A27: N₂ | B27: =C27/C$36 -> 0 | C27: =E27*'Data Komponen'!$D$15 -> 0 | D27: =E27/E$36 -> 0 | E27: ='NME-6 Pirolisis'!I27 -> 0 | F27: =G27/G$36 -> 0 | G27: =I27*'Data Komponen'!$D$15 -> 0 | H27: =I27/I$36 -> 0 | I27: =0 -> 0 | J27: =K27/K$36 -> 0 | K27: =M27*'Data Komponen'!$D$15 -> 0 | L27: =M27/M$36 -> 0 | M27: =E27 -> 0
A28: CO₂ | B28: =C28/C$36 -> 0 | C28: =E28*'Data Komponen'!$D$16 -> 0 | D28: =E28/E$36 -> 0 | E28: ='NME-6 Pirolisis'!I28 -> 0 | F28: =G28/G$36 -> 0 | G28: =I28*'Data Komponen'!$D$16 -> 0 | H28: =I28/I$36 -> 0 | I28: =0 -> 0 | J28: =K28/K$36 -> 0 | K28: =M28*'Data Komponen'!$D$16 -> 0 | L28: =M28/M$36 -> 0 | M28: =E28 -> 0
A29: EDC | B29: =C29/C$36 -> 0.44997558 | C29: =E29*'Data Komponen'!$D$17 -> 33412.358 | D29: =E29/E$36 -> 0.29183523 | E29: ='NME-6 Pirolisis'!I29 -> 337.6384 | F29: =G29/G$36 -> 0 | G29: =I29*'Data Komponen'!$D$17 -> 0 | H29: =I29/I$36 -> 0 | I29: =0 -> 0 | J29: =K29/K$36 -> 0.56429233 | K29: =M29*'Data Komponen'!$D$17 -> 33412.358 | L29: =M29/M$36 -> 0.4517905 | M29: =E29 -> 337.6384
A30: TCE | B30: =C30/C$36 -> 9.0006031e-06 | C30: =E30*'Data Komponen'!$D$18 -> 0.66832822 | D30: =E30/E$36 -> 4.3302212e-06 | E30: ='NME-6 Pirolisis'!I30 -> 0.005009844 | F30: =G30/G$36 -> 0 | G30: =I30*'Data Komponen'!$D$18 -> 0 | H30: =I30/I$36 -> 0 | I30: =0 -> 0 | J30: =K30/K$36 -> 1.1287215e-05 | K30: =M30*'Data Komponen'!$D$18 -> 0.66832822 | L30: =M30/M$36 -> 6.7036211e-06 | M30: =E30 -> 0.005009844
A31: HCl | B31: =C31/C$36 -> 0.19959453 | C31: =E31*'Data Komponen'!$D$19 -> 14820.635 | D31: =E31/E$36 -> 0.35133719 | E31: ='NME-6 Pirolisis'!I31 -> 406.47912 | F31: =G31/G$36 -> 0.98524113 | G31: =I31*'Data Komponen'!$D$19 -> 14820.623 | H31: =I31/I$36 -> 0.99234407 | I31: =E31-M31 -> 406.47877 | J31: =K31/K$36 -> 2.1324155e-07 | K31: =M31*'Data Komponen'!$D$19 -> 0.012626263 | L31: =M31/M$36 -> 4.6337383e-07 | M31: =$B$6/(1-$B$6)*('NME-8 Kolom VCM'!G35+'NME-8 Kolom VCM'!G30)/'Data Komponen'!$D$19 -> 0.00034629502
A32: FeCl₃ | B32: =C32/C$36 -> 0 | C32: =E32*'Data Komponen'!$D$20 -> 0 | D32: =E32/E$36 -> 0 | E32: ='NME-6 Pirolisis'!I32 -> 0 | F32: =G32/G$36 -> 0 | G32: =I32*'Data Komponen'!$D$20 -> 0 | H32: =I32/I$36 -> 0 | I32: =0 -> 0 | J32: =K32/K$36 -> 0 | K32: =M32*'Data Komponen'!$D$20 -> 0 | L32: =M32/M$36 -> 0 | M32: =E32 -> 0
A33: C₂H₅Cl | B33: =C33/C$36 -> 0 | C33: =E33*'Data Komponen'!$D$21 -> 0 | D33: =E33/E$36 -> 0 | E33: ='NME-6 Pirolisis'!I33 -> 0 | F33: =G33/G$36 -> 0 | G33: =I33*'Data Komponen'!$D$21 -> 0 | H33: =I33/I$36 -> 0 | I33: =0 -> 0 | J33: =K33/K$36 -> 0 | K33: =M33*'Data Komponen'!$D$21 -> 0 | L33: =M33/M$36 -> 0 | M33: =E33 -> 0
A34: VCM | B34: =C34/C$36 -> 0.34213613 | C34: =E34*'Data Komponen'!$D$22 -> 25404.879 | D34: =E34/E$36 -> 0.35134752 | E34: ='NME-6 Pirolisis'!I34 -> 406.49107 | F34: =G34/G$36 -> 0.00017018364 | G34: =I34*'Data Komponen'!$D$22 -> 2.5600103 | H34: =I34/I$36 -> 0.0001 | I34: =$B$7/(1-$B$7)*(I31+I19) -> 0.040961475 | J34: =K34/K$36 -> 0.42901293 | K34: =M34*'Data Komponen'!$D$22 -> 25402.319 | L34: =M34/M$36 -> 0.54386674 | M34: =E34-I34 -> 406.45011
A35: C₄H₈Cl₂ (berat) | B35: =C35/C$36 -> 0.0052941137 | C35: =E35*'Data Komponen'!$D$23 -> 393.10761 | D35: =E35/E$36 -> 0.0026751562 | E35: ='NME-6 Pirolisis'!I35 -> 3.0950187 | F35: =G35/G$36 -> 0 | G35: =I35*'Data Komponen'!$D$23 -> 0 | H35: =I35/I$36 -> 0 | I35: =0 -> 0 | J35: =K35/K$36 -> 0.0066390886 | K35: =M35*'Data Komponen'!$D$23 -> 393.10761 | L35: =M35/M$36 -> 0.0041414129 | M35: =E35 -> 3.0950187
A36: Sub Total | B36: =SUM(B15:B35) -> 1 | C36: =SUM(C15:C35) -> 74253.715 | D36: =SUM(D15:D35) -> 1 | E36: =SUM(E15:E35) -> 1156.9488 | F36: =SUM(F15:F35) -> 1 | G36: =SUM(G15:G35) -> 15042.635 | H36: =SUM(H15:H35) -> 1 | I36: =SUM(I15:I35) -> 409.61475 | ... M36: =SUM(M15:M35) -> 747.334
A37: TOTAL MASSA | B37: =C36 -> 74253.715 | F37: =G36+K36 -> 74253.715
A38: Selisih (Inlet − Outlet), kg/h | B38: =B37-F37 -> -1.4551915e-11
A41: Neraca Energi E-108: Pendingin umpan kolom HCl
A42: Reference state: unsur pada 25 °C dan 1 atm (metode panas pembentukan)
A43: No. aliran PFD | B43: 40 | D43: 41
A44: Dari | B44: Q-101 | D44: E-108
A45: Ke | B45: E-108 | D45: KD-103
A46: T (K) | B46: ='NME-6 Pirolisis'!$D$124 -> 353.15 | D46: =D47+273.15 -> 303.15
A47: T (°C) | B47: ='NME-6 Pirolisis'!$D$125 -> 80 | D47: 30
A48: P (bar abs) | B48: ='NME-6 Pirolisis'!$D$126 -> 11 | D48: 11
A49: Substance | B49: INLET | D49: OUTLET
B50: Aliran 40 | D50: Aliran 41
B51: ṅᵢ (kmol/h) | C51: Ĥᵢ (kJ/kmol) | D51: ṅᵢ (kmol/h) | E51: Ĥᵢ (kJ/kmol)
A52: Cl₂ (g) | B52: =E19 -> 3.0950187 | C52: ='Data Termo'!$W$10+('Data Termo'!$E$10*($B$46-298.15)+'Data Termo'!$F$10/2*($B$46^2-298.15^2)+'Data Termo'!$G$10/3*($B$46^3-298.15^3)+'Data Termo'!$H$10/4*($B$46^4-298.15^4)+'Data Termo'!$I$10/5*($B$46^5-298.15^5)) -> 1875.5064 | D52: =E19 -> 3.0950187 | E52: ='Data Termo'!$W$10+('Data Termo'!$E$10*($D$46-298.15)+'Data Termo'!$F$10/2*($D$46^2-298.15^2)+'Data Termo'!$G$10/3*($D$46^3-298.15^3)+'Data Termo'!$H$10/4*($D$46^4-298.15^4)+'Data Termo'!$I$10/5*($D$46^5-298.15^5)) -> 168.7871
A53: H₂O (l) | B53: =E21 -> 0.14511609 | C53: ='Data Termo'!$X$12+('Data Termo'!$J$12*($B$46-298.15)+'Data Termo'!$K$12/2*($B$46^2-298.15^2)+'Data Termo'!$L$12/3*($B$46^3-298.15^3)+'Data Termo'!$M$12/4*($B$46^4-298.15^4)) -> -280356.61 | D53: =E21 -> 0.14511609 | E53: ='Data Termo'!$X$12+('Data Termo'!$J$12*($D$46-298.15)+'Data Termo'!$K$12/2*($D$46^2-298.15^2)+'Data Termo'!$L$12/3*($D$46^3-298.15^3)+'Data Termo'!$M$12/4*($D$46^4-298.15^4)) -> -284115.49
A54: EDC (l) | B54: =E29 -> 337.6384 | C54: ='Data Termo'!$X$20+('Data Termo'!$J$20*($B$46-298.15)+'Data Termo'!$K$20/2*($B$46^2-298.15^2)+'Data Termo'!$L$20/3*($B$46^3-298.15^3)+'Data Termo'!$M$20/4*($B$46^4-298.15^4)) -> -157439.42 | D54: =E29 -> 337.6384 | E54: ='Data Termo'!$X$20+('Data Termo'!$J$20*($D$46-298.15)+'Data Termo'!$K$20/2*($D$46^2-298.15^2)+'Data Termo'!$L$20/3*($D$46^3-298.15^3)+'Data Termo'!$M$20/4*($D$46^4-298.15^4)) -> -164105.29
A55: TCE (l) | B55: =E30 -> 0.005009844 | C55: ='Data Termo'!$X$21+('Data Termo'!$J$21*($B$46-298.15)+'Data Termo'!$K$21/2*($B$46^2-298.15^2)+'Data Termo'!$L$21/3*($B$46^3-298.15^3)+'Data Termo'!$M$21/4*($B$46^4-298.15^4)) -> -168230.89 | D55: =E30 -> 0.005009844 | E55: ='Data Termo'!$X$21+('Data Termo'!$J$21*($D$46-298.15)+'Data Termo'!$K$21/2*($D$46^2-298.15^2)+'Data Termo'!$L$21/3*($D$46^3-298.15^3)+'Data Termo'!$M$21/4*($D$46^4-298.15^4)) -> -176061.51
A56: HCl (g) | B56: =E31 -> 406.47912 | C56: ='Data Termo'!$W$22+('Data Termo'!$E$22*($B$46-298.15)+'Data Termo'!$F$22/2*($B$46^2-298.15^2)+'Data Termo'!$G$22/3*($B$46^3-298.15^3)+'Data Termo'!$H$22/4*($B$46^4-298.15^4)+'Data Termo'!$I$22/5*($B$46^5-298.15^5)) -> -90699.684 | D56: =E31 -> 406.47912 | E56: ='Data Termo'!$W$22+('Data Termo'!$E$22*($D$46-298.15)+'Data Termo'!$F$22/2*($D$46^2-298.15^2)+'Data Termo'!$G$22/3*($D$46^3-298.15^3)+'Data Termo'!$H$22/4*($D$46^4-298.15^4)+'Data Termo'!$I$22/5*($D$46^5-298.15^5)) -> -92154.597
A57: VCM (g / l) | B57: =E34 -> 406.49107 | C57: ='Data Termo'!$W$25+('Data Termo'!$E$25*($B$46-298.15)+'Data Termo'!$F$25/2*($B$46^2-298.15^2)+'Data Termo'!$G$25/3*($B$46^3-298.15^3)+'Data Termo'!$H$25/4*($B$46^4-298.15^4)+'Data Termo'!$I$25/5*($B$46^5-298.15^5)) -> 31626.381 | D57: =E34 -> 406.49107 | E57: ='Data Termo'!$X$25+('Data Termo'!$J$25*($D$46-298.15)+'Data Termo'!$K$25/2*($D$46^2-298.15^2)+'Data Termo'!$L$25/3*($D$46^3-298.15^3)+'Data Termo'!$M$25/4*($D$46^4-298.15^4)) -> 8675.5319
A58: C₄H₈Cl₂ (berat) (l) | B58: =E35 -> 3.0950187 | C58: ='Data Termo'!$X$26+('Data Termo'!$J$26*($B$46-298.15)+'Data Termo'!$K$26/2*($B$46^2-298.15^2)+'Data Termo'!$L$26/3*($B$46^3-298.15^3)+'Data Termo'!$M$26/4*($B$46^4-298.15^4)) -> -213923.59 | D58: =E35 -> 3.0950187 | E58: ='Data Termo'!$X$26+('Data Termo'!$J$26*($D$46-298.15)+'Data Termo'!$K$26/2*($D$46^2-298.15^2)+'Data Termo'!$L$26/3*($D$46^3-298.15^3)+'Data Termo'!$M$26/4*($D$46^4-298.15^4)) -> -223405.63
A59: Sub Total ṅᵢĤᵢ (kJ/h) | B59: =SUMPRODUCT(B52:B58,C52:C58) -> -77867099 | D59: =SUMPRODUCT(D52:D58,E52:E58) -> -90073675
A60: Heat of reaction / heat of mixing | B60: -
A61: Q (kJ/h) | B61: =(D59)-(B59) -> -12206575
A62: W (kJ/h) | B62: 0
A63: TOTAL (kJ/h) | B63: =B59+$B$61+$B$62 -> -90073675 | D63: =D59 -> -90073675
A64: Selisih masuk − keluar (kJ/h) | B64: =B63-D63 -> 0
A65: Q (kW) | B65: =$B$61/3600 -> -3390.7154
A66: W (kW) | B66: =$B$62/3600 -> 0
A69: Neraca Energi KD-103: Kolom HCl (kondensor dan reboiler)
A70: Reference state: unsur pada 25 °C dan 1 atm (metode panas pembentukan)
A71: No. aliran PFD | B71: 41 | D71: 42 | F71: 45
A72: Dari | B72: E-108 | D72: KD-103 | F72: KD-103
A73: Ke | B73: KD-103 | D73: V-104 | F73: V-105
A74: T (K) | B74: =$D$46 -> 303.15 | D74: =D75+273.15 -> 244.25 | F74: =F75+273.15 -> 354.15
A75: T (°C) | B75: =$D$47 -> 30 | D75: -28.9 | F75: 81
A76: P (bar abs) | B76: =$D$48 -> 11 | D76: 11 | F76: 9.8
A77: Substance | B77: INLET | D77: OUTLET
B78: Aliran 41 | D78: Aliran 42 | F78: Aliran 45
B79: ṅᵢ (kmol/h) | C79: Ĥᵢ (kJ/kmol) | D79: ṅᵢ (kmol/h) | E79: Ĥᵢ (kJ/kmol) | F79: ṅᵢ (kmol/h) | G79: Ĥᵢ (kJ/kmol)
A80: Cl₂ (g / l / l) | B80: =E19 -> 3.0950187 | C80: ='Data Termo'!$W$10+('Data Termo'!$E$10*($B$74-298.15)+'Data Termo'!$F$10/2*($B$74^2-298.15^2)+'Data Termo'!$G$10/3*($B$74^3-298.15^3)+'Data Termo'!$H$10/4*($B$74^4-298.15^4)+'Data Termo'!$I$10/5*($B$74^5-298.15^5)) -> 168.7871 | D80: =I19 -> 3.0950187 | E80: ='Data Termo'!$X$10+('Data Termo'!$J$10*($D$74-298.15)+'Data Termo'!$K$10/2*($D$74^2-298.15^2)+'Data Termo'!$L$10/3*($D$74^3-298.15^3)+'Data Termo'!$M$10/4*($D$74^4-298.15^4)) -> -21044.746 | F80: =M19 -> 0 | G80: ='Data Termo'!$X$10+('Data Termo'!$J$10*($F$74-298.15)+'Data Termo'!$K$10/2*($F$74^2-298.15^2)+'Data Termo'!$L$10/3*($F$74^3-298.15^3)+'Data Termo'!$M$10/4*($F$74^4-298.15^4)) -> -12741.66
A81: H₂O (l) | B81: =E21 -> 0.14511609 | C81: ='Data Termo'!$X$12+('Data Termo'!$J$12*($B$74-298.15)+'Data Termo'!$K$12/2*($B$74^2-298.15^2)+'Data Termo'!$L$12/3*($B$74^3-298.15^3)+'Data Termo'!$M$12/4*($B$74^4-298.15^4)) -> -284115.49 | D81: =I21 -> 0 | E81: ='Data Termo'!$X$12+('Data Termo'!$J$12*($D$74-298.15)+'Data Termo'!$K$12/2*($D$74^2-298.15^2)+'Data Termo'!$L$12/3*($D$74^3-298.15^3)+'Data Termo'!$M$12/4*($D$74^4-298.15^4)) -> -288611.81 | F81: =M21 -> 0.14511609 | G81: ='Data Termo'!$X$12+('Data Termo'!$J$12*($F$74-298.15)+'Data Termo'!$K$12/2*($F$74^2-298.15^2)+'Data Termo'!$L$12/3*($F$74^3-298.15^3)+'Data Termo'!$M$12/4*($F$74^4-298.15^4)) -> -280281.43
A82: EDC (l) | B82: =E29 -> 337.6384 | C82: ='Data Termo'!$X$20+('Data Termo'!$J$20*($B$74-298.15)+'Data Termo'!$K$20/2*($B$74^2-298.15^2)+'Data Termo'!$L$20/3*($B$74^3-298.15^3)+'Data Termo'!$M$20/4*($B$74^4-298.15^4)) -> -164105.29 | D82: =I29 -> 0 | E82: ='Data Termo'!$X$20+('Data Termo'!$J$20*($D$74-298.15)+'Data Termo'!$K$20/2*($D$74^2-298.15^2)+'Data Termo'!$L$20/3*($D$74^3-298.15^3)+'Data Termo'!$M$20/4*($D$74^4-298.15^4)) -> -171482.53 | F82: =M29 -> 337.6384 | G82: ='Data Termo'!$X$20+('Data Termo'!$J$20*($F$74-298.15)+'Data Termo'!$K$20/2*($F$74^2-298.15^2)+'Data Termo'!$L$20/3*($F$74^3-298.15^3)+'Data Termo'!$M$20/4*($F$74^4-298.15^4)) -> -157301.89
A83: TCE (l) | B83: =E30 -> 0.005009844 | C83: ='Data Termo'!$X$21+('Data Termo'!$J$21*($B$74-298.15)+'Data Termo'!$K$21/2*($B$74^2-298.15^2)+'Data Termo'!$L$21/3*($B$74^3-298.15^3)+'Data Termo'!$M$21/4*($B$74^4-298.15^4)) -> -176061.51 | D83: =I30 -> 0 | E83: ='Data Termo'!$X$21+('Data Termo'!$J$21*($D$74-298.15)+'Data Termo'!$K$21/2*($D$74^2-298.15^2)+'Data Termo'!$L$21/3*($D$74^3-298.15^3)+'Data Termo'!$M$21/4*($D$74^4-298.15^4)) -> -184739.45 | F83: =M30 -> 0.005009844 | G83: ='Data Termo'!$X$21+('Data Termo'!$J$21*($F$74-298.15)+'Data Termo'!$K$21/2*($F$74^2-298.15^2)+'Data Termo'!$L$21/3*($F$74^3-298.15^3)+'Data Termo'!$M$21/4*($F$74^4-298.15^4)) -> -168069.63
A84: HCl (g / l / l) | B84: =E31 -> 406.47912 | C84: ='Data Termo'!$W$22+('Data Termo'!$E$22*($B$74-298.15)+'Data Termo'!$F$22/2*($B$74^2-298.15^2)+'Data Termo'!$G$22/3*($B$74^3-298.15^3)+'Data Termo'!$H$22/4*($B$74^4-298.15^4)+'Data Termo'!$I$22/5*($B$74^5-298.15^5)) -> -92154.597 | D84: =I31 -> 406.47877 | E84: ='Data Termo'!$X$22+('Data Termo'!$J$22*($D$74-298.15)+'Data Termo'!$K$22/2*($D$74^2-298.15^2)+'Data Termo'!$L$22/3*($D$74^3-298.15^3)+'Data Termo'!$M$22/4*($D$74^4-298.15^4)) -> -102986.04 | F84: =M31 -> 0.00034629502 | G84: ='Data Termo'!$X$22+('Data Termo'!$J$22*($F$74-298.15)+'Data Termo'!$K$22/2*($F$74^2-298.15^2)+'Data Termo'!$L$22/3*($F$74^3-298.15^3)+'Data Termo'!$M$22/4*($F$74^4-298.15^4)) -> -91860.867
A85: VCM (l) | B85: =E34 -> 406.49107 | C85: ='Data Termo'!$X$25+('Data Termo'!$J$25*($B$74-298.15)+'Data Termo'!$K$25/2*($B$74^2-298.15^2)+'Data Termo'!$L$25/3*($B$74^3-298.15^3)+'Data Termo'!$M$25/4*($B$74^4-298.15^4)) -> 8675.5319 | D85: =I34 -> 0.040961475 | E85: ='Data Termo'!$X$25+('Data Termo'!$J$25*($D$74-298.15)+'Data Termo'!$K$25/2*($D$74^2-298.15^2)+'Data Termo'!$L$25/3*($D$74^3-298.15^3)+'Data Termo'!$M$25/4*($D$74^4-298.15^4)) -> 3828.0506 | F85: =M34 -> 406.45011 | G85: ='Data Termo'!$X$25+('Data Termo'!$J$25*($F$74-298.15)+'Data Termo'!$K$25/2*($F$74^2-298.15^2)+'Data Termo'!$L$25/3*($F$74^3-298.15^3)+'Data Termo'!$M$25/4*($F$74^4-298.15^4)) -> 13388.734
A86: C₄H₈Cl₂ (berat) (l) | B86: =E35 -> 3.0950187 | C86: ='Data Termo'!$X$26+('Data Termo'!$J$26*($B$74-298.15)+'Data Termo'!$K$26/2*($B$74^2-298.15^2)+'Data Termo'!$L$26/3*($B$74^3-298.15^3)+'Data Termo'!$M$26/4*($B$74^4-298.15^4)) -> -223405.63 | D86: =I35 -> 0 | E86: ='Data Termo'!$X$26+('Data Termo'!$J$26*($D$74-298.15)+'Data Termo'!$K$26/2*($D$74^2-298.15^2)+'Data Termo'!$L$26/3*($D$74^3-298.15^3)+'Data Termo'!$M$26/4*($D$74^4-298.15^4)) -> -233995.39 | F86: =M35 -> 3.0950187 | G86: ='Data Termo'!$X$26+('Data Termo'!$J$26*($F$74-298.15)+'Data Termo'!$K$26/2*($F$74^2-298.15^2)+'Data Termo'!$L$26/3*($F$74^3-298.15^3)+'Data Termo'!$M$26/4*($F$74^4-298.15^4)) -> -213729.18
A87: Sub Total ṅᵢĤᵢ (kJ/h) | B87: =SUMPRODUCT(B80:B86,C80:C86) -> -90073675 | D87: =SUMPRODUCT(D80:D86,E80:E86) -> -41926618 | F87: =SUMPRODUCT(F80:F86,G80:G86) -> -48372351
A88: Heat of reaction / heat of mixing | B88: -
A89: Q kondensor (kJ/h) | B89: =-(1+$B$8/G36)*(D84*('Data Termo'!$Q$22*1000*MAX(0,1-$D$74/'Data Termo'!$R$22)^'Data Termo'!$S$22)+D80*('Data Termo'!$Q$10*1000*MAX(0,1-$D$74/'Data Termo'!$R$10)^'Data Termo'!$S$10)+D85*('Data Termo'!$Q$25*1000*MAX(0,1-$D$74/'Data Termo'!$R$25)^'Data Termo'!$S$25)) -> -5433543
A90: Q reboiler (kJ/h) | B90: =(D87+F87)-(B87)-$B$89 -> 5208249.4
A91: W (kJ/h) | B91: 0
A92: TOTAL (kJ/h) | B92: =B87+$B$89+$B$90+$B$91 -> -90298968 | D92: =D87+F87 -> -90298968
A93: Selisih masuk − keluar (kJ/h) | B93: =B92-D92 -> 0
A94: Q kondensor (kW) | B94: =$B$89/3600 -> -1509.3175
A95: Q reboiler (kW) | B95: =$B$90/3600 -> 1446.7359
A96: W (kW) | B96: =$B$91/3600 -> 0

Sheet NME-8 Kolom VCM
A3: Neraca Massa dan Energi
A4: NM Blok 8: Pemurnian VCM (Kolom VCM)
A5: Tujuan: | B5: Memisahkan VCM produk (distilat) dari EDC tak bereaksi yang didaur ulang
A6: Unjuk Kerja | B6: 0.9995 | C6: Kemurnian VCM produk (fraksi mol VCM/(VCM + EDC))
B7: 0.005 | C7: Kadar VCM dalam EDC produk bawah (fraksi berat)
B8: 2.98 | C8: Beban kondensor kolom VCM Dimian & Bildea, Tabel 7.8 (MW)
B9: =(20.8+16.9)/2+273.15 -> 292 | C9: Suhu kondensor rata-rata Dimian & Bildea, Tabel 7.8 (K)
A11: Basis Perhitungan | B11: ='NME-1 Klorinasi Langsung'!$B$16 -> 6100.5722 | C11: kg/h aliran etilena ke R-01 (NME-1)
A13: Substance | B13: Inlet | F13: Outlet
B14: Aliran 46 | F14: Aliran 47 | J14: Aliran 49
B15: ẋᵢ | C15: ṁᵢ (kg/h) | D15: ẏᵢ | E15: ṅᵢ (kmol/h) | F15: ẋᵢ | G15: ṁᵢ (kg/h) | H15: ẏᵢ | I15: ṅᵢ (kmol/h) | J15: ẋᵢ | K15: ṁᵢ (kg/h) | L15: ẏᵢ | M15: ṅᵢ (kmol/h)
A16: C₂H₄ | B16: =C16/C$37 -> 0 | C16: =E16*'Data Komponen'!$D$3 -> 0 | D16: =E16/E$37 -> 0 | E16: ='NME-7 Kolom HCl'!M15 -> 0 | F16: =G16/G$37 -> 0 | G16: =I16*'Data Komponen'!$D$3 -> 0 | H16: =I16/I$37 -> 0 | I16: =0 -> 0 | J16: =K16/K$37 -> 0 | K16: =M16*'Data Komponen'!$D$3 -> 0 | L16: =M16/M$37 -> 0 | M16: =E16 -> 0
A17: CH₄ | B17: =C17/C$37 -> 0 | C17: =E17*'Data Komponen'!$D$4 -> 0 | D17: =E17/E$37 -> 0 | E17: ='NME-7 Kolom HCl'!M16 -> 0 | F17: =G17/G$37 -> 0 | G17: =I17*'Data Komponen'!$D$4 -> 0 | H17: =I17/I$37 -> 0 | I17: =0 -> 0 | J17: =K17/K$37 -> 0 | K17: =M17*'Data Komponen'!$D$4 -> 0 | L17: =M17/M$37 -> 0 | M17: =E17 -> 0
A18: C₂H₆ | B18: =C18/C$37 -> 0 | C18: =E18*'Data Komponen'!$D$5 -> 0 | D18: =E18/E$37 -> 0 | E18: ='NME-7 Kolom HCl'!M17 -> 0 | F18: =G18/G$37 -> 0 | G18: =I18*'Data Komponen'!$D$5 -> 0 | H18: =I18/I$37 -> 0 | I18: =0 -> 0 | J18: =K18/K$37 -> 0 | K18: =M18*'Data Komponen'!$D$5 -> 0 | L18: =M18/M$37 -> 0 | M18: =E18 -> 0
A19: C₂H₂ | B19: =C19/C$37 -> 0 | C19: =E19*'Data Komponen'!$D$6 -> 0 | D19: =E19/E$37 -> 0 | E19: ='NME-7 Kolom HCl'!M18 -> 0 | F19: =G19/G$37 -> 0 | G19: =I19*'Data Komponen'!$D$6 -> 0 | H19: =I19/I$37 -> 0 | I19: =0 -> 0 | J19: =K19/K$37 -> 0 | K19: =M19*'Data Komponen'!$D$6 -> 0 | L19: =M19/M$37 -> 0 | M19: =E19 -> 0
A20: Cl₂ | B20: =C20/C$37 -> 0 | C20: =E20*'Data Komponen'!$D$7 -> 0 | D20: =E20/E$37 -> 0 | E20: ='NME-7 Kolom HCl'!M19 -> 0 | F20: =G20/G$37 -> 0 | G20: =I20*'Data Komponen'!$D$7 -> 0 | H20: =I20/I$37 -> 0 | I20: =0 -> 0 | J20: =K20/K$37 -> 0 | K20: =M20*'Data Komponen'!$D$7 -> 0 | L20: =M20/M$37 -> 0 | M20: =E20 -> 0
A21: CₙHₘ | B21: =C21/C$37 -> 0 | C21: =E21*'Data Komponen'!$D$8 -> 0 | D21: =E21/E$37 -> 0 | E21: ='NME-7 Kolom HCl'!M20 -> 0 | F21: =G21/G$37 -> 0 | G21: =I21*'Data Komponen'!$D$8 -> 0 | H21: =I21/I$37 -> 0 | I21: =0 -> 0 | J21: =K21/K$37 -> 0 | K21: =M21*'Data Komponen'!$D$8 -> 0 | L21: =M21/M$37 -> 0 | M21: =E21 -> 0
A22: H₂O | B22: =C22/C$37 -> 4.4151642e-05 | C22: =E22*'Data Komponen'!$D$9 -> 2.6142664 | D22: =E22/E$37 -> 0.00019417836 | E22: ='NME-7 Kolom HCl'!M21 -> 0.14511609 | F22: =G22/G$37 -> 0 | G22: =I22*'Data Komponen'!$D$9 -> 0 | H22: =I22/I$37 -> 0 | I22: =0 -> 0 | J22: =K22/K$37 -> 7.698403e-05 | K22: =M22*'Data Komponen'!$D$9 -> 2.6142664 | L22: =M22/M$37 -> 0.00042258821 | M22: =E22 -> 0.14511609
A23: CₓHᵧCl | B23: =C23/C$37 -> 0 | C23: =E23*'Data Komponen'!$D$10 -> 0 | D23: =E23/E$37 -> 0 | E23: ='NME-7 Kolom HCl'!M22 -> 0 | F23: =G23/G$37 -> 0 | G23: =I23*'Data Komponen'!$D$10 -> 0 | H23: =I23/I$37 -> 0 | I23: =0 -> 0 | J23: =K23/K$37 -> 0 | K23: =M23*'Data Komponen'!$D$10 -> 0 | L23: =M23/M$37 -> 0 | M23: =E23 -> 0
A24: Br₂ | B24: =C24/C$37 -> 0 | C24: =E24*'Data Komponen'!$D$11 -> 0 | D24: =E24/E$37 -> 0 | E24: ='NME-7 Kolom HCl'!M23 -> 0 | F24: =G24/G$37 -> 0 | G24: =I24*'Data Komponen'!$D$11 -> 0 | H24: =I24/I$37 -> 0 | I24: =0 -> 0 | J24: =K24/K$37 -> 0 | K24: =M24*'Data Komponen'!$D$11 -> 0 | L24: =M24/M$37 -> 0 | M24: =E24 -> 0
A25: NCl₃ | B25: =C25/C$37 -> 0 | C25: =E25*'Data Komponen'!$D$12 -> 0 | D25: =E25/E$37 -> 0 | E25: ='NME-7 Kolom HCl'!M24 -> 0 | F25: =G25/G$37 -> 0 | G25: =I25*'Data Komponen'!$D$12 -> 0 | H25: =I25/I$37 -> 0 | I25: =0 -> 0 | J25: =K25/K$37 -> 0 | K25: =M25*'Data Komponen'!$D$12 -> 0 | L25: =M25/M$37 -> 0 | M25: =E25 -> 0
A26: H₂ | B26: =C26/C$37 -> 0 | C26: =E26*'Data Komponen'!$D$13 -> 0 | D26: =E26/E$37 -> 0 | E26: ='NME-7 Kolom HCl'!M25 -> 0 | F26: =G26/G$37 -> 0 | G26: =I26*'Data Komponen'!$D$13 -> 0 | H26: =I26/I$37 -> 0 | I26: =0 -> 0 | J26: =K26/K$37 -> 0 | K26: =M26*'Data Komponen'!$D$13 -> 0 | L26: =M26/M$37 -> 0 | M26: =E26 -> 0
A27: O₂ | B27: =C27/C$37 -> 0 | C27: =E27*'Data Komponen'!$D$14 -> 0 | D27: =E27/E$37 -> 0 | E27: ='NME-7 Kolom HCl'!M26 -> 0 | F27: =G27/G$37 -> 0 | G27: =I27*'Data Komponen'!$D$14 -> 0 | H27: =I27/I$37 -> 0 | I27: =0 -> 0 | J27: =K27/K$37 -> 0 | K27: =M27*'Data Komponen'!$D$14 -> 0 | L27: =M27/M$37 -> 0 | M27: =E27 -> 0
A28: N₂ | B28: =C28/C$37 -> 0 | C28: =E28*'Data Komponen'!$D$15 -> 0 | D28: =E28/E$37 -> 0 | E28: ='NME-7 Kolom HCl'!M27 -> 0 | F28: =G28/G$37 -> 0 | G28: =I28*'Data Komponen'!$D$15 -> 0 | H28: =I28/I$37 -> 0 | I28: =0 -> 0 | J28: =K28/K$37 -> 0 | K28: =M28*'Data Komponen'!$D$15 -> 0 | L28: =M28/M$37 -> 0 | M28: =E28 -> 0
A29: CO₂ | B29: =C29/C$37 -> 0 | C29: =E29*'Data Komponen'!$D$16 -> 0 | D29: =E29/E$37 -> 0 | E29: ='NME-7 Kolom HCl'!M28 -> 0 | F29: =G29/G$37 -> 0 | G29: =I29*'Data Komponen'!$D$16 -> 0 | H29: =I29/I$37 -> 0 | I29: =0 -> 0 | J29: =K29/K$37 -> 0 | K29: =M29*'Data Komponen'!$D$16 -> 0 | L29: =M29/M$37 -> 0 | M29: =E29 -> 0
A30: EDC | B30: =C30/C$37 -> 0.56429233 | C30: =E30*'Data Komponen'!$D$17 -> 33412.358 | D30: =E30/E$37 -> 0.4517905 | E30: ='NME-7 Kolom HCl'!M29 -> 337.6384 | F30: =G30/G$37 -> 0.00079146607 | G30: =I30*'Data Komponen'!$D$17 -> 19.986517 | H30: =I30/I$37 -> 0.00049999957 | I30: =I35*(1-$B$6)/$B$6 -> 0.20196765 | J30: =K30/K$37 -> 0.98332724 | K30: =M30*'Data Komponen'!$D$17 -> 33392.372 | L30: =M30/M$37 -> 0.98263848 | M30: =E30-I30 -> 337.43643
A31: TCE | B31: =C31/C$37 -> 1.1287215e-05 | C31: =E31*'Data Komponen'!$D$18 -> 0.66832822 | D31: =E31/E$37 -> 6.7036211e-06 | E31: ='NME-7 Kolom HCl'!M30 -> 0.005009844 | F31: =G31/G$37 -> 0 | G31: =I31*'Data Komponen'!$D$18 -> 0 | H31: =I31/I$37 -> 0 | I31: =0 -> 0 | J31: =K31/K$37 -> 1.9680703e-05 | K31: =M31*'Data Komponen'!$D$18 -> 0.66832822 | L31: =M31/M$37 -> 1.4589016e-05 | M31: =E31 -> 0.005009844
A32: HCl | B32: =C32/C$37 -> 2.1324155e-07 | C32: =E32*'Data Komponen'!$D$19 -> 0.012626263 | D32: =E32/E$37 -> 4.6337383e-07 | E32: ='NME-7 Kolom HCl'!M31 -> 0.00034629502 | F32: =G32/G$37 -> 5e-07 | G32: =I32*'Data Komponen'!$D$19 -> 0.012626263 | H32: =I32/I$37 -> 8.5730243e-07 | I32: =E32 -> 0.00034629502 | J32: =K32/K$37 -> 0 | K32: =M32*'Data Komponen'!$D$19 -> 0 | L32: =M32/M$37 -> 0 | M32: =0 -> 0
A33: FeCl₃ | B33: =C33/C$37 -> 0 | C33: =E33*'Data Komponen'!$D$20 -> 0 | D33: =E33/E$37 -> 0 | E33: ='NME-7 Kolom HCl'!M32 -> 0 | F33: =G33/G$37 -> 0 | G33: =I33*'Data Komponen'!$D$20 -> 0 | H33: =I33/I$37 -> 0 | I33: =0 -> 0 | J33: =K33/K$37 -> 0 | K33: =M33*'Data Komponen'!$D$20 -> 0 | L33: =M33/M$37 -> 0 | M33: =E33 -> 0
A34: C₂H₅Cl | B34: =C34/C$37 -> 0 | C34: =E34*'Data Komponen'!$D$21 -> 0 | D34: =E34/E$37 -> 0 | E34: ='NME-7 Kolom HCl'!M33 -> 0 | F34: =G34/G$37 -> 0 | G34: =I34*'Data Komponen'!$D$21 -> 0 | H34: =I34/I$37 -> 0 | I34: =0 -> 0 | J34: =K34/K$37 -> 0 | K34: =M34*'Data Komponen'!$D$21 -> 0 | L34: =M34/M$37 -> 0 | M34: =E34 -> 0
A35: VCM | B35: =C35/C$37 -> 0.42901293 | C35: =E35*'Data Komponen'!$D$22 -> 25402.319 | D35: =E35/E$37 -> 0.54386674 | E35: ='NME-7 Kolom HCl'!M34 -> 406.45011 | F35: =G35/G$37 -> 0.99920803 | G35: =I35*'Data Komponen'!$D$22 -> 25232.526 | H35: =I35/I$37 -> 0.99949914 | I35: =E35-M35 -> 403.73334 | J35: =K35/K$37 -> 0.005 | K35: =M35*'Data Komponen'!$D$22 -> 169.79277 | L35: =M35/M$37 -> 0.0079114281 | M35: =$B$7/(1-$B$7)*(SUM(K16:K34)+K36)/'Data Komponen'!$D$22 -> 2.7167713
A36: C₄H₈Cl₂ (berat) | B36: =C36/C$37 -> 0.0066390886 | C36: =E36*'Data Komponen'!$D$23 -> 393.10761 | D36: =E36/E$37 -> 0.0041414129 | E36: ='NME-7 Kolom HCl'!M35 -> 3.0950187 | F36: =G36/G$37 -> 0 | G36: =I36*'Data Komponen'!$D$23 -> 0 | H36: =I36/I$37 -> 0 | I36: =0 -> 0 | J36: =K36/K$37 -> 0.011576099 | K36: =M36*'Data Komponen'!$D$23 -> 393.10761 | L36: =M36/M$37 -> 0.0090129108 | M36: =E36 -> 3.0950187
A37: Sub Total | B37: =SUM(B16:B36) -> 1 | C37: =SUM(C16:C36) -> 59211.08 | D37: =SUM(D16:D36) -> 1 | E37: =SUM(E16:E36) -> 747.334 | F37: =SUM(F16:F36) -> 1 | G37: =SUM(G16:G36) -> 25252.525 | H37: =SUM(H16:H36) -> 1 | I37: =SUM(I16:I36) -> 403.93565 | ... M37: =SUM(M16:M36) -> 343.39835
A38: TOTAL MASSA | B38: =C37 -> 59211.08 | F38: =G37+K37 -> 59211.08
A39: Selisih (Inlet − Outlet), kg/h | B39: =B38-F38 -> -7.4214768e-10
A42: Neraca Energi V-105: Valve umpan kolom VCM
A43: Reference state: unsur pada 25 °C dan 1 atm (metode panas pembentukan)
A44: No. aliran PFD | B44: 45 | D44: 46
A45: Dari | B45: KD-103 | D45: V-105
A46: Ke | B46: V-105 | D46: KD-104
A47: T (K) | B47: ='NME-7 Kolom HCl'!$F$74 -> 354.15 | D47: -
A48: T (°C) | B48: ='NME-7 Kolom HCl'!$F$75 -> 81 | D48: -
A49: P (bar abs) | B49: ='NME-7 Kolom HCl'!$F$76 -> 9.8 | D49: 6.5
A50: Substance | B50: INLET | D50: OUTLET
B51: Aliran 45 | D51: Aliran 46
B52: ṅᵢ (kmol/h) | C52: Ĥᵢ (kJ/kmol) | D52: ṅᵢ (kmol/h) | E52: Ĥᵢ (kJ/kmol)
A53: H₂O (l / l+g) | B53: ='NME-7 Kolom HCl'!M21 -> 0.14511609 | C53: ='Data Termo'!$X$12+('Data Termo'!$J$12*($B$47-298.15)+'Data Termo'!$K$12/2*($B$47^2-298.15^2)+'Data Termo'!$L$12/3*($B$47^3-298.15^3)+'Data Termo'!$M$12/4*($B$47^4-298.15^4)) -> -280281.43 | D53: =E22 -> 0.14511609 | E53: =C53 -> -280281.43
A54: EDC (l / l+g) | B54: ='NME-7 Kolom HCl'!M29 -> 337.6384 | C54: ='Data Termo'!$X$20+('Data Termo'!$J$20*($B$47-298.15)+'Data Termo'!$K$20/2*($B$47^2-298.15^2)+'Data Termo'!$L$20/3*($B$47^3-298.15^3)+'Data Termo'!$M$20/4*($B$47^4-298.15^4)) -> -157301.89 | D54: =E30 -> 337.6384 | E54: =C54 -> -157301.89
A55: TCE (l / l+g) | B55: ='NME-7 Kolom HCl'!M30 -> 0.005009844 | C55: ='Data Termo'!$X$21+('Data Termo'!$J$21*($B$47-298.15)+'Data Termo'!$K$21/2*($B$47^2-298.15^2)+'Data Termo'!$L$21/3*($B$47^3-298.15^3)+'Data Termo'!$M$21/4*($B$47^4-298.15^4)) -> -168069.63 | D55: =E31 -> 0.005009844 | E55: =C55 -> -168069.63
A56: HCl (l / l+g) | B56: ='NME-7 Kolom HCl'!M31 -> 0.00034629502 | C56: ='Data Termo'!$X$22+('Data Termo'!$J$22*($B$47-298.15)+'Data Termo'!$K$22/2*($B$47^2-298.15^2)+'Data Termo'!$L$22/3*($B$47^3-298.15^3)+'Data Termo'!$M$22/4*($B$47^4-298.15^4)) -> -91860.867 | D56: =E32 -> 0.00034629502 | E56: =C56 -> -91860.867
A57: VCM (l / l+g) | B57: ='NME-7 Kolom HCl'!M34 -> 406.45011 | C57: ='Data Termo'!$X$25+('Data Termo'!$J$25*($B$47-298.15)+'Data Termo'!$K$25/2*($B$47^2-298.15^2)+'Data Termo'!$L$25/3*($B$47^3-298.15^3)+'Data Termo'!$M$25/4*($B$47^4-298.15^4)) -> 13388.734 | D57: =E35 -> 406.45011 | E57: =C57 -> 13388.734
A58: C₄H₈Cl₂ (berat) (l / l+g) | B58: ='NME-7 Kolom HCl'!M35 -> 3.0950187 | C58: ='Data Termo'!$X$26+('Data Termo'!$J$26*($B$47-298.15)+'Data Termo'!$K$26/2*($B$47^2-298.15^2)+'Data Termo'!$L$26/3*($B$47^3-298.15^3)+'Data Termo'!$M$26/4*($B$47^4-298.15^4)) -> -213729.18 | D58: =E36 -> 3.0950187 | E58: =C58 -> -213729.18
A59: Sub Total ṅᵢĤᵢ (kJ/h) | B59: =SUMPRODUCT(B53:B58,C53:C58) -> -48372351 | D59: =SUMPRODUCT(D53:D58,E53:E58) -> -48372351
A60: Heat of reaction / heat of mixing | B60: -
A61: Q (kJ/h) | B61: 0
A62: W (kJ/h) | B62: 0
A63: TOTAL (kJ/h) | B63: =B59+$B$61+$B$62 -> -48372351 | D63: =D59 -> -48372351
A64: Selisih masuk − keluar (kJ/h) | B64: =B63-D63 -> 0
A65: Q (kW) | B65: =$B$61/3600 -> 0
A66: W (kW) | B66: =$B$62/3600 -> 0
A69: Neraca Energi KD-104: Kolom VCM (kondensor dan reboiler)
A70: Reference state: unsur pada 25 °C dan 1 atm (metode panas pembentukan)
A71: No. aliran PFD | B71: 46 | D71: 47 | F71: 49
A72: Dari | B72: V-105 | D72: KD-104 | F72: KD-104
A73: Ke | B73: KD-104 | D73: E-110 | F73: E-111
A74: T (K) | B74: =$D$47 -> - | D74: =D75+273.15 -> 310.15 | F74: =F75+273.15 -> 425.15
A75: T (°C) | B75: =$D$48 -> - | D75: 37 | F75: 152
A76: P (bar abs) | B76: =$D$49 -> 6.5 | D76: 6.5 | F76: 6.5
A77: Substance | B77: INLET | D77: OUTLET
B78: Aliran 46 | D78: Aliran 47 | F78: Aliran 49
B79: ṅᵢ (kmol/h) | C79: Ĥᵢ (kJ/kmol) | D79: ṅᵢ (kmol/h) | E79: Ĥᵢ (kJ/kmol) | F79: ṅᵢ (kmol/h) | G79: Ĥᵢ (kJ/kmol)
A80: H₂O (l+g / l / l) | B80: =E22 -> 0.14511609 | C80: ='NME-7 Kolom HCl'!$G$81 -> -280281.43 | D80: =I22 -> 0 | E80: ='Data Termo'!$X$12+('Data Termo'!$J$12*($D$74-298.15)+'Data Termo'!$K$12/2*($D$74^2-298.15^2)+'Data Termo'!$L$12/3*($D$74^3-298.15^3)+'Data Termo'!$M$12/4*($D$74^4-298.15^4)) -> -283587.86 | F80: =M22 -> 0.14511609 | G80: ='Data Termo'!$X$12+('Data Termo'!$J$12*($F$74-298.15)+'Data Termo'!$K$12/2*($F$74^2-298.15^2)+'Data Termo'!$L$12/3*($F$74^3-298.15^3)+'Data Termo'!$M$12/4*($F$74^4-298.15^4)) -> -274867.6
A81: EDC (l+g / l / l) | B81: =E30 -> 337.6384 | C81: ='NME-7 Kolom HCl'!$G$82 -> -157301.89 | D81: =I30 -> 0.20196765 | E81: ='Data Termo'!$X$20+('Data Termo'!$J$20*($D$74-298.15)+'Data Termo'!$K$20/2*($D$74^2-298.15^2)+'Data Termo'!$L$20/3*($D$74^3-298.15^3)+'Data Termo'!$M$20/4*($D$74^4-298.15^4)) -> -163195.32 | F81: =M30 -> 337.43643 | G81: ='Data Termo'!$X$20+('Data Termo'!$J$20*($F$74-298.15)+'Data Termo'!$K$20/2*($F$74^2-298.15^2)+'Data Termo'!$L$20/3*($F$74^3-298.15^3)+'Data Termo'!$M$20/4*($F$74^4-298.15^4)) -> -146994.48
A82: TCE (l+g / l / l) | B82: =E31 -> 0.005009844 | C82: ='NME-7 Kolom HCl'!$G$83 -> -168069.63 | D82: =I31 -> 0 | E82: ='Data Termo'!$X$21+('Data Termo'!$J$21*($D$74-298.15)+'Data Termo'!$K$21/2*($D$74^2-298.15^2)+'Data Termo'!$L$21/3*($D$74^3-298.15^3)+'Data Termo'!$M$21/4*($D$74^4-298.15^4)) -> -174991.34 | F82: =M31 -> 0.005009844 | G82: ='Data Termo'!$X$21+('Data Termo'!$J$21*($F$74-298.15)+'Data Termo'!$K$21/2*($F$74^2-298.15^2)+'Data Termo'!$L$21/3*($F$74^3-298.15^3)+'Data Termo'!$M$21/4*($F$74^4-298.15^4)) -> -156047.56
A83: HCl (l+g / l / l) | B83: =E32 -> 0.00034629502 | C83: ='NME-7 Kolom HCl'!$G$84 -> -91860.867 | D83: =I32 -> 0.00034629502 | E83: ='Data Termo'!$X$22+('Data Termo'!$J$22*($D$74-298.15)+'Data Termo'!$K$22/2*($D$74^2-298.15^2)+'Data Termo'!$L$22/3*($D$74^3-298.15^3)+'Data Termo'!$M$22/4*($D$74^4-298.15^4)) -> -97117.302 | F83: =M32 -> 0 | G83: ='Data Termo'!$X$22+('Data Termo'!$J$22*($F$74-298.15)+'Data Termo'!$K$22/2*($F$74^2-298.15^2)+'Data Termo'!$L$22/3*($F$74^3-298.15^3)+'Data Termo'!$M$22/4*($F$74^4-298.15^4)) -> -79857.932
A84: VCM (l+g / l / l) | B84: =E35 -> 406.45011 | C84: ='NME-7 Kolom HCl'!$G$85 -> 13388.734 | D84: =I35 -> 403.73334 | E84: ='Data Termo'!$X$25+('Data Termo'!$J$25*($D$74-298.15)+'Data Termo'!$K$25/2*($D$74^2-298.15^2)+'Data Termo'!$L$25/3*($D$74^3-298.15^3)+'Data Termo'!$M$25/4*($D$74^4-298.15^4)) -> 9288.594 | F84: =M35 -> 2.7167713 | G84: ='Data Termo'!$X$25+('Data Termo'!$J$25*($F$74-298.15)+'Data Termo'!$K$25/2*($F$74^2-298.15^2)+'Data Termo'!$L$25/3*($F$74^3-298.15^3)+'Data Termo'!$M$25/4*($F$74^4-298.15^4)) -> 21269.498
A85: C₄H₈Cl₂ (berat) (l+g / l / l) | B85: =E36 -> 3.0950187 | C85: ='NME-7 Kolom HCl'!$G$86 -> -213729.18 | D85: =I36 -> 0 | E85: ='Data Termo'!$X$26+('Data Termo'!$J$26*($D$74-298.15)+'Data Termo'!$K$26/2*($D$74^2-298.15^2)+'Data Termo'!$L$26/3*($D$74^3-298.15^3)+'Data Termo'!$M$26/4*($D$74^4-298.15^4)) -> -222105.38 | F85: =M36 -> 3.0950187 | G85: ='Data Termo'!$X$26+('Data Termo'!$J$26*($F$74-298.15)+'Data Termo'!$K$26/2*($F$74^2-298.15^2)+'Data Termo'!$L$26/3*($F$74^3-298.15^3)+'Data Termo'!$M$26/4*($F$74^4-298.15^4)) -> -199364.13
A86: Sub Total ṅᵢĤᵢ (kJ/h) | B86: =SUMPRODUCT(B80:B85,C80:C85) -> -48372351 | D86: =SUMPRODUCT(D80:D85,E80:E85) -> 3717121.3 | F86: =SUMPRODUCT(F80:F85,G80:G85) -> -50201215
A87: Heat of reaction / heat of mixing | B87: -
A88: Q kondensor (kJ/h) | B88: =-($B$8*3600000/(D84*('Data Termo'!$Q$25*1000*MAX(0,1-$B$9/'Data Termo'!$R$25)^'Data Termo'!$S$25)))*(D84*('Data Termo'!$Q$25*1000*MAX(0,1-$D$74/'Data Termo'!$R$25)^'Data Termo'!$S$25)+D81*('Data Termo'!$Q$20*1000*MAX(0,1-$D$74/'Data Termo'!$R$20)^'Data Termo'!$S$20)+D83*('Data Termo'!$Q$22*1000*MAX(0,1-$D$74/'Data Termo'!$R$22)^'Data Termo'!$S$22)) -> -10041085
A89: Q reboiler (kJ/h) | B89: =(D86+F86)-(B86)-$B$88 -> 11929342
A90: W (kJ/h) | B90: 0
A91: TOTAL (kJ/h) | B91: =B86+$B$88+$B$89+$B$90 -> -46484094 | D91: =D86+F86 -> -46484094
A92: Selisih masuk − keluar (kJ/h) | B92: =B91-D91 -> 0
A93: Q kondensor (kW) | B93: =$B$88/3600 -> -2789.1904
A94: Q reboiler (kW) | B94: =$B$89/3600 -> 3313.7061
A95: W (kW) | B95: =$B$90/3600 -> 0
A98: Neraca Energi E-110: Pendingin VCM produk
A99: Reference state: unsur pada 25 °C dan 1 atm (metode panas pembentukan)
A100: No. aliran PFD | B100: 47 | D100: 48
A101: Dari | B101: KD-104 | D101: E-110
A102: Ke | B102: E-110 | D102: T-103
A103: T (K) | B103: =$D$74 -> 310.15 | D103: =D104+273.15 -> 303.15
A104: T (°C) | B104: =$D$75 -> 37 | D104: 30
A105: P (bar abs) | B105: =$D$76 -> 6.5 | D105: 6.5
A106: Substance | B106: INLET | D106: OUTLET
B107: Aliran 47 | D107: Aliran 48
B108: ṅᵢ (kmol/h) | C108: Ĥᵢ (kJ/kmol) | D108: ṅᵢ (kmol/h) | E108: Ĥᵢ (kJ/kmol)
A109: EDC (l) | B109: =I30 -> 0.20196765 | C109: ='Data Termo'!$X$20+('Data Termo'!$J$20*($B$103-298.15)+'Data Termo'!$K$20/2*($B$103^2-298.15^2)+'Data Termo'!$L$20/3*($B$103^3-298.15^3)+'Data Termo'!$M$20/4*($B$103^4-298.15^4)) -> -163195.32 | D109: =I30 -> 0.20196765 | E109: ='Data Termo'!$X$20+('Data Termo'!$J$20*($D$103-298.15)+'Data Termo'!$K$20/2*($D$103^2-298.15^2)+'Data Termo'!$L$20/3*($D$103^3-298.15^3)+'Data Termo'!$M$20/4*($D$103^4-298.15^4)) -> -164105.29
A110: HCl (l) | B110: =I32 -> 0.00034629502 | C110: ='Data Termo'!$X$22+('Data Termo'!$J$22*($B$103-298.15)+'Data Termo'!$K$22/2*($B$103^2-298.15^2)+'Data Termo'!$L$22/3*($B$103^3-298.15^3)+'Data Termo'!$M$22/4*($B$103^4-298.15^4)) -> -97117.302 | D110: =I32 -> 0.00034629502 | E110: ='Data Termo'!$X$22+('Data Termo'!$J$22*($D$103-298.15)+'Data Termo'!$K$22/2*($D$103^2-298.15^2)+'Data Termo'!$L$22/3*($D$103^3-298.15^3)+'Data Termo'!$M$22/4*($D$103^4-298.15^4)) -> -97838.503
...

Sheet NME Overall
A1: Neraca Massa Overall Pabrik VCM (kg/h)
A2: Komponen | B2: Masuk | G2: Keluar
B3: Klorin (aliran 3) | C3: Etilena ke R-01 (aliran 8) | D3: Make-up FeCl₃ (aliran 10) | E3: Etilena ke R-02 (aliran 9) | F3: Udara (aliran 17) | G3: VCM produk (aliran 47) | H3: Gas vent Blok 1 (aliran 13) | I3: Gas vent Blok 3 (aliran 25) | J3: Air asam Blok 3 (aliran 28) | K3: Fraksi ringan Blok 4 (aliran 32) | L3: Fraksi berat Blok 5 (aliran 35)
